"","Income","Start","End","M","P","M","O","Att","Prop","#","Amount"
"15 Sep 2023","+0.00237 ETH","32.01215 ETH","32.0145 ETH","0","0","0","0","0","0","0","0 ETH"
"14 Sep 2023","+0.00238 ETH","32.00976 ETH","32.01213 ETH","0","0","0","0","0","0","0","0 ETH"
"13 Sep 2023","+0.00240 ETH","32.00735 ETH","32.00975 ETH","0","0","0","0","0","0","0","0 ETH"
"12 Sep 2023","+0.00226 ETH","32.00509 ETH","32.00734 ETH","7","0","0","0","0","0","0","0 ETH"
"11 Sep 2023","+0.00239 ETH","32.0027 ETH","32.00508 ETH","0","0","0","0","0","0","0","0 ETH"
"10 Sep 2023","+0.00242 ETH","32.00028 ETH","32.00269 ETH","0","0","0","0","0","0","0","0 ETH"
"09 Sep 2023","+0.00237 ETH","32.05325 ETH","32.00027 ETH","0","0","0","0","0","0","0","0 ETH"
"08 Sep 2023","+0.00240 ETH","32.05084 ETH","32.05324 ETH","1","0","0","0","0","0","0","0 ETH"
"07 Sep 2023","+0.04172 ETH","32.00911 ETH","32.05083 ETH","0","1","0","0","0","0","0","0 ETH"
"06 Sep 2023","+0.00242 ETH","32.00668 ETH","32.0091 ETH","0","0","0","0","0","0","0","0 ETH"
"05 Sep 2023","+0.00243 ETH","32.00425 ETH","32.00667 ETH","0","0","0","0","0","0","0","0 ETH"
"04 Sep 2023","+0.00241 ETH","32.00183 ETH","32.00424 ETH","0","0","0","0","0","0","0","0 ETH"
"03 Sep 2023","+0.00243 ETH","32.01533 ETH","32.00182 ETH","0","0","0","0","0","0","0","0 ETH"
"02 Sep 2023","+0.00243 ETH","32.01289 ETH","32.01532 ETH","0","0","0","0","0","0","0","0 ETH"
"01 Sep 2023","+0.00242 ETH","32.01047 ETH","32.01288 ETH","0","0","0","0","0","0","0","0 ETH"
"31 Aug 2023","+0.00244 ETH","32.00802 ETH","32.01046 ETH","0","0","0","0","0","0","0","0 ETH"
"30 Aug 2023","+0.00245 ETH","32.00557 ETH","32.00801 ETH","0","0","0","0","0","0","0","0 ETH"
"29 Aug 2023","+0.00245 ETH","32.00312 ETH","32.00556 ETH","0","0","0","0","0","0","0","0 ETH"
"28 Aug 2023","+0.00244 ETH","32.00067 ETH","32.0031 ETH","0","0","0","0","0","0","0","0 ETH"
"27 Aug 2023","+0.00244 ETH","32.01392 ETH","32.00066 ETH","1","0","0","0","0","0","0","0 ETH"
"26 Aug 2023","+0.00246 ETH","32.01145 ETH","32.01391 ETH","0","0","0","0","0","0","0","0 ETH"
"25 Aug 2023","+0.00246 ETH","32.00899 ETH","32.01144 ETH","1","0","0","0","0","0","0","0 ETH"
"24 Aug 2023","+0.00246 ETH","32.00652 ETH","32.00898 ETH","1","0","0","0","0","0","0","0 ETH"
"23 Aug 2023","+0.00247 ETH","32.00404 ETH","32.00651 ETH","1","0","0","0","0","0","0","0 ETH"
"22 Aug 2023","+0.00243 ETH","32.00161 ETH","32.00403 ETH","2","0","0","0","0","0","0","0 ETH"
"21 Aug 2023","+0.00249 ETH","32.01462 ETH","32.00159 ETH","0","0","0","0","0","0","0","0 ETH"
"20 Aug 2023","+0.00246 ETH","32.01215 ETH","32.01461 ETH","0","0","0","0","0","0","0","0 ETH"
"19 Aug 2023","+0.00246 ETH","32.00969 ETH","32.01214 ETH","0","0","0","0","0","0","0","0 ETH"
"18 Aug 2023","+0.00247 ETH","32.00722 ETH","32.00968 ETH","2","0","0","0","0","0","0","0 ETH"
"17 Aug 2023","+0.00248 ETH","32.00473 ETH","32.0072 ETH","0","0","0","0","0","0","0","0 ETH"
"16 Aug 2023","+0.00250 ETH","32.00223 ETH","32.00472 ETH","0","0","0","0","0","0","0","0 ETH"
"15 Aug 2023","+0.00249 ETH","32.01515 ETH","32.00222 ETH","0","0","0","0","0","0","0","0 ETH"
"14 Aug 2023","+0.00252 ETH","32.01263 ETH","32.01514 ETH","0","0","0","0","0","0","0","0 ETH"
"13 Aug 2023","+0.00251 ETH","32.01012 ETH","32.01262 ETH","0","0","0","0","0","0","0","0 ETH"
"12 Aug 2023","+0.00251 ETH","32.0076 ETH","32.01011 ETH","1","0","0","0","0","0","0","0 ETH"
"11 Aug 2023","+0.00251 ETH","32.00508 ETH","32.00759 ETH","2","0","0","0","0","0","0","0 ETH"
"10 Aug 2023","+0.00251 ETH","32.00256 ETH","32.00507 ETH","0","0","0","0","0","0","0","0 ETH"
"09 Aug 2023","+0.00253 ETH","32.00003 ETH","32.00255 ETH","1","0","0","0","0","0","0","0 ETH"
"08 Aug 2023","+0.00253 ETH","32.01275 ETH","32.00002 ETH","0","0","0","0","0","0","0","0 ETH"
"07 Aug 2023","+0.00252 ETH","32.01023 ETH","32.01274 ETH","0","0","0","0","0","0","0","0 ETH"
"06 Aug 2023","+0.00253 ETH","32.0077 ETH","32.01022 ETH","4","0","0","0","0","0","0","0 ETH"
"05 Aug 2023","+0.00254 ETH","32.00515 ETH","32.00769 ETH","0","0","0","0","0","0","0","0 ETH"
"04 Aug 2023","+0.00254 ETH","32.0026 ETH","32.00514 ETH","0","0","0","0","0","0","0","0 ETH"
"03 Aug 2023","+0.00254 ETH","32.00006 ETH","32.00259 ETH","0","0","0","0","0","0","0","0 ETH"
"02 Aug 2023","+0.00254 ETH","32.01257 ETH","32.00005 ETH","0","0","0","0","0","0","0","0 ETH"
"01 Aug 2023","+0.00255 ETH","32.01001 ETH","32.01256 ETH","1","0","0","0","0","0","0","0 ETH"
"31 Jul 2023","+0.00257 ETH","32.00744 ETH","32.01 ETH","0","0","0","0","0","0","0","0 ETH"
"30 Jul 2023","+0.00254 ETH","32.00489 ETH","32.00743 ETH","1","0","0","0","0","0","0","0 ETH"
"29 Jul 2023","+0.00255 ETH","32.00234 ETH","32.00488 ETH","0","0","0","0","0","0","0","0 ETH"
"28 Jul 2023","+0.00256 ETH","32.05167 ETH","32.00233 ETH","0","0","0","0","0","0","0","0 ETH"
"27 Jul 2023","+0.00257 ETH","32.0491 ETH","32.05166 ETH","1","0","0","0","0","0","0","0 ETH"
"26 Jul 2023","+0.03956 ETH","32.00954 ETH","32.04909 ETH","4","1","0","0","0","0","0","0 ETH"
"25 Jul 2023","+0.00257 ETH","32.00697 ETH","32.00953 ETH","0","0","0","0","0","0","0","0 ETH"
"24 Jul 2023","+0.00257 ETH","32.00439 ETH","32.00696 ETH","2","0","0","0","0","0","0","0 ETH"
"23 Jul 2023","+0.00259 ETH","32.0018 ETH","32.00438 ETH","0","0","0","0","0","0","0","0 ETH"
"22 Jul 2023","+0.00259 ETH","32.01397 ETH","32.00179 ETH","0","0","0","0","0","0","0","0 ETH"
"21 Jul 2023","+0.00259 ETH","32.01137 ETH","32.01396 ETH","1","0","0","0","0","0","0","0 ETH"
"20 Jul 2023","+0.00259 ETH","32.00878 ETH","32.01136 ETH","0","0","0","0","0","0","0","0 ETH"
"19 Jul 2023","+0.00259 ETH","32.00618 ETH","32.00877 ETH","1","0","0","0","0","0","0","0 ETH"
"18 Jul 2023","+0.00259 ETH","32.00358 ETH","32.00617 ETH","1","0","0","0","0","0","0","0 ETH"
"17 Jul 2023","+0.00259 ETH","32.00098 ETH","32.00357 ETH","1","0","0","0","0","0","0","0 ETH"
"16 Jul 2023","+0.00256 ETH","32.01308 ETH","32.00097 ETH","3","0","0","0","0","0","0","0 ETH"
"15 Jul 2023","+0.00258 ETH","32.0105 ETH","32.01307 ETH","0","0","0","0","0","0","0","0 ETH"
"14 Jul 2023","+0.00258 ETH","32.00791 ETH","32.01049 ETH","4","0","0","0","0","0","0","0 ETH"
"13 Jul 2023","+0.00262 ETH","32.00529 ETH","32.0079 ETH","0","0","0","0","0","0","0","0 ETH"
"12 Jul 2023","+0.00261 ETH","32.00267 ETH","32.00528 ETH","1","0","0","0","0","0","0","0 ETH"
"11 Jul 2023","+0.00262 ETH","32.00005 ETH","32.00266 ETH","1","0","0","0","0","0","0","0 ETH"
"10 Jul 2023","+0.00260 ETH","32.01191 ETH","32.00003 ETH","0","0","0","0","0","0","0","0 ETH"
"09 Jul 2023","+0.00260 ETH","32.00931 ETH","32.0119 ETH","0","0","0","0","0","0","0","0 ETH"
"08 Jul 2023","+0.00262 ETH","32.00668 ETH","32.0093 ETH","3","0","0","0","0","0","0","0 ETH"
"07 Jul 2023","+0.00264 ETH","32.00404 ETH","32.00667 ETH","1","0","0","0","0","0","0","0 ETH"
"06 Jul 2023","+0.00261 ETH","32.00142 ETH","32.00403 ETH","4","0","0","0","0","0","0","0 ETH"
"05 Jul 2023","+0.00265 ETH","32.01246 ETH","32.00141 ETH","2","0","0","0","0","0","0","0 ETH"
"04 Jul 2023","+0.00266 ETH","32.0098 ETH","32.01245 ETH","0","0","0","0","0","0","0","0 ETH"
"03 Jul 2023","+0.00264 ETH","32.00716 ETH","32.00979 ETH","3","0","0","0","0","0","0","0 ETH"
"02 Jul 2023","+0.00264 ETH","32.00451 ETH","32.00714 ETH","1","0","0","0","0","0","0","0 ETH"
"01 Jul 2023","+0.00199 ETH","32.00252 ETH","32.0045 ETH","32","0","0","0","0","0","0","0 ETH"
"30 Jun 2023","+0.00263 ETH","32.01403 ETH","32.00251 ETH","1","0","0","0","0","0","0","0 ETH"
"29 Jun 2023","+0.00263 ETH","32.0114 ETH","32.01402 ETH","2","0","0","0","0","0","0","0 ETH"
"28 Jun 2023","+0.00266 ETH","32.00873 ETH","32.01139 ETH","0","0","0","0","0","0","0","0 ETH"
"27 Jun 2023","+0.00267 ETH","32.00606 ETH","32.00872 ETH","1","0","0","0","0","0","0","0 ETH"
"26 Jun 2023","+0.00265 ETH","32.0034 ETH","32.00605 ETH","0","0","0","0","0","0","0","0 ETH"
"25 Jun 2023","+0.00264 ETH","32.00076 ETH","32.00339 ETH","1","0","0","0","0","0","0","0 ETH"
"24 Jun 2023","+0.00268 ETH","32.01199 ETH","32.00074 ETH","1","0","0","0","0","0","0","0 ETH"
"23 Jun 2023","+0.00267 ETH","32.00931 ETH","32.01198 ETH","0","0","0","0","0","0","0","0 ETH"
"22 Jun 2023","+0.00269 ETH","32.00662 ETH","32.0093 ETH","2","0","0","0","0","0","0","0 ETH"
"21 Jun 2023","+0.00249 ETH","32.00413 ETH","32.0066 ETH","9","0","0","0","0","0","0","0 ETH"
"20 Jun 2023","+0.00269 ETH","32.00143 ETH","32.00411 ETH","0","0","0","0","0","0","0","0 ETH"
"19 Jun 2023","+0.00264 ETH","32.01282 ETH","32.00142 ETH","3","0","0","0","0","0","0","0 ETH"
"18 Jun 2023","+0.00271 ETH","32.01011 ETH","32.01281 ETH","0","0","0","0","0","0","0","0 ETH"
"17 Jun 2023","+0.00271 ETH","32.00739 ETH","32.01009 ETH","0","0","0","0","0","0","0","0 ETH"
"16 Jun 2023","+0.00272 ETH","32.00466 ETH","32.00737 ETH","0","0","0","0","0","0","0","0 ETH"
"15 Jun 2023","+0.00270 ETH","32.00196 ETH","32.00465 ETH","1","0","0","0","0","0","0","0 ETH"
"14 Jun 2023","+0.00267 ETH","32.01281 ETH","32.00194 ETH","2","0","0","0","0","0","0","0 ETH"
"13 Jun 2023","+0.00260 ETH","32.0102 ETH","32.01279 ETH","7","0","0","0","0","0","0","0 ETH"
"12 Jun 2023","+0.00263 ETH","32.00756 ETH","32.01019 ETH","3","0","0","0","0","0","0","0 ETH"
"11 Jun 2023","+0.00263 ETH","32.00493 ETH","32.00755 ETH","5","0","0","0","0","0","0","0 ETH"
"10 Jun 2023","+0.00268 ETH","32.00224 ETH","32.00492 ETH","3","0","0","0","0","0","0","0 ETH"
"09 Jun 2023","+0.00264 ETH","32.01333 ETH","32.00223 ETH","4","0","0","0","0","0","0","0 ETH"
"08 Jun 2023","+0.00271 ETH","32.01062 ETH","32.01332 ETH","2","0","0","0","0","0","0","0 ETH"
"07 Jun 2023","+0.00271 ETH","32.0079 ETH","32.01061 ETH","0","0","0","0","0","0","0","0 ETH"
"06 Jun 2023","+0.00273 ETH","32.00517 ETH","32.00789 ETH","1","0","0","0","0","0","0","0 ETH"
"05 Jun 2023","+0.00269 ETH","32.00248 ETH","32.00516 ETH","1","0","0","0","0","0","0","0 ETH"
"04 Jun 2023","+0.00272 ETH","32.01331 ETH","32.00247 ETH","0","0","0","0","0","0","0","0 ETH"
"03 Jun 2023","+0.00272 ETH","32.01058 ETH","32.0133 ETH","1","0","0","0","0","0","0","0 ETH"
"02 Jun 2023","+0.00272 ETH","32.00786 ETH","32.01057 ETH","0","0","0","0","0","0","0","0 ETH"
"01 Jun 2023","+0.00274 ETH","32.00512 ETH","32.00784 ETH","0","0","0","0","0","0","0","0 ETH"
"31 May 2023","+0.00276 ETH","32.00235 ETH","32.0051 ETH","0","0","0","0","0","0","0","0 ETH"
"30 May 2023","+0.00274 ETH","32.01286 ETH","32.00234 ETH","1","0","0","0","0","0","0","0 ETH"
"29 May 2023","+0.00276 ETH","32.0101 ETH","32.01284 ETH","1","0","0","0","0","0","0","0 ETH"
"28 May 2023","+0.00276 ETH","32.00733 ETH","32.01008 ETH","2","0","0","0","0","0","0","0 ETH"
"27 May 2023","+0.00279 ETH","32.00454 ETH","32.00732 ETH","1","0","0","0","0","0","0","0 ETH"
"26 May 2023","+0.00278 ETH","32.00175 ETH","32.00452 ETH","0","0","0","0","0","0","0","0 ETH"
"25 May 2023","+0.00278 ETH","32.01204 ETH","32.00174 ETH","0","0","0","0","0","0","0","0 ETH"
"24 May 2023","+0.00279 ETH","32.00925 ETH","32.01203 ETH","0","0","0","0","0","0","0","0 ETH"
"23 May 2023","+0.00277 ETH","32.00647 ETH","32.00923 ETH","0","0","0","0","0","0","0","0 ETH"
"22 May 2023","+0.00275 ETH","32.00371 ETH","32.00646 ETH","1","0","0","0","0","0","0","0 ETH"
"21 May 2023","+0.00278 ETH","32.00093 ETH","32.0037 ETH","2","0","0","0","0","0","0","0 ETH"
"20 May 2023","+0.00276 ETH","32.01105 ETH","32.00091 ETH","0","0","0","0","0","0","0","0 ETH"
"19 May 2023","+0.00279 ETH","32.00825 ETH","32.01104 ETH","2","0","0","0","0","0","0","0 ETH"
"18 May 2023","+0.00280 ETH","32.00545 ETH","32.00824 ETH","0","0","0","0","0","0","0","0 ETH"
"17 May 2023","+0.00278 ETH","32.00266 ETH","32.00544 ETH","2","0","0","0","0","0","0","0 ETH"
"16 May 2023","+0.00280 ETH","32.0123 ETH","32.00265 ETH","1","0","0","0","0","0","0","0 ETH"
"15 May 2023","+0.00280 ETH","32.0095 ETH","32.01228 ETH","0","0","0","0","0","0","0","0 ETH"
"14 May 2023","+0.00278 ETH","32.00671 ETH","32.00948 ETH","2","0","0","0","0","0","0","0 ETH"
"13 May 2023","+0.00279 ETH","32.00391 ETH","32.0067 ETH","1","0","0","0","0","0","0","0 ETH"
"12 May 2023","+0.00249 ETH","32.00142 ETH","32.0039 ETH","11","0","0","0","0","0","0","0 ETH"
"11 May 2023","+0.00275 ETH","32.01125 ETH","32.00141 ETH","1","0","0","0","0","0","0","0 ETH"
"10 May 2023","+0.00281 ETH","32.00844 ETH","32.01124 ETH","0","0","0","0","0","0","0","0 ETH"
"09 May 2023","+0.00280 ETH","32.00563 ETH","32.00842 ETH","2","0","0","0","0","0","0","0 ETH"
"08 May 2023","+0.00282 ETH","32.0028 ETH","32.00562 ETH","0","0","0","0","0","0","0","0 ETH"
"07 May 2023","+0.00285 ETH","32.01251 ETH","32.00279 ETH","1","0","0","0","0","0","0","0 ETH"
"06 May 2023","+0.00285 ETH","32.00965 ETH","32.0125 ETH","0","0","0","0","0","0","0","0 ETH"
"05 May 2023","+0.00279 ETH","32.00685 ETH","32.00964 ETH","0","0","0","0","0","0","0","0 ETH"
"04 May 2023","+0.00281 ETH","32.00404 ETH","32.00684 ETH","0","0","0","0","0","0","0","0 ETH"
"03 May 2023","+0.00282 ETH","32.00122 ETH","32.00403 ETH","0","0","0","0","0","0","0","0 ETH"
"02 May 2023","+0.00281 ETH","32.01096 ETH","32.0012 ETH","1","0","0","0","0","0","0","0 ETH"
"01 May 2023","+0.00282 ETH","32.00813 ETH","32.01094 ETH","0","0","0","0","0","0","0","0 ETH"
"30 Apr 2023","+0.00285 ETH","32.00527 ETH","32.00812 ETH","0","0","0","0","0","0","0","0 ETH"
"29 Apr 2023","+0.00282 ETH","32.00244 ETH","32.00526 ETH","0","0","0","0","0","0","0","0 ETH"
"28 Apr 2023","+0.00283 ETH","32.01194 ETH","32.00243 ETH","1","0","0","0","0","0","0","0 ETH"
"27 Apr 2023","+0.00281 ETH","32.00913 ETH","32.01193 ETH","2","0","0","0","0","0","0","0 ETH"
"26 Apr 2023","+0.00282 ETH","32.0063 ETH","32.00912 ETH","0","0","0","0","0","0","0","0 ETH"
"25 Apr 2023","+0.00285 ETH","32.00345 ETH","32.00629 ETH","0","0","0","0","0","0","0","0 ETH"
"24 Apr 2023","+0.00283 ETH","32.00062 ETH","32.00344 ETH","1","0","0","0","0","0","0","0 ETH"
"23 Apr 2023","+0.00266 ETH","32.01028 ETH","32.0006 ETH","7","0","0","0","0","0","0","0 ETH"
"22 Apr 2023","+0.00281 ETH","32.00746 ETH","32.01026 ETH","1","0","0","0","0","0","0","0 ETH"
"21 Apr 2023","+0.00281 ETH","32.00465 ETH","32.00745 ETH","2","0","0","0","0","0","0","0 ETH"
"20 Apr 2023","+0.00278 ETH","32.00187 ETH","32.00464 ETH","2","0","0","0","0","0","0","0 ETH"
"19 Apr 2023","+0.00283 ETH","32.01098 ETH","32.00185 ETH","0","0","0","0","0","0","0","0 ETH"
"18 Apr 2023","+0.00281 ETH","32.00817 ETH","32.01097 ETH","0","0","0","0","0","0","0","0 ETH"
"17 Apr 2023","+0.00280 ETH","32.00536 ETH","32.00815 ETH","1","0","0","0","0","0","0","0 ETH"
"16 Apr 2023","+0.00278 ETH","32.00257 ETH","32.00535 ETH","0","0","0","0","0","0","0","0 ETH"
"15 Apr 2023","+0.00281 ETH","36.59595 ETH","32.00256 ETH","0","0","0","0","0","0","0","0 ETH"
"14 Apr 2023","+0.00276 ETH","36.59318 ETH","36.59593 ETH","0","0","0","0","0","0","0","0 ETH"
"13 Apr 2023","+0.00271 ETH","36.59046 ETH","36.59317 ETH","0","0","0","0","0","0","0","0 ETH"
"12 Apr 2023","+0.00262 ETH","36.58784 ETH","36.59045 ETH","2","0","0","0","0","0","0","0 ETH"
"11 Apr 2023","+0.00280 ETH","36.58503 ETH","36.58783 ETH","1","0","0","0","0","0","0","0 ETH"
"10 Apr 2023","+0.00284 ETH","36.58219 ETH","36.58502 ETH","0","0","0","0","0","0","0","0 ETH"
"09 Apr 2023","+0.00277 ETH","36.57942 ETH","36.58218 ETH","0","0","0","0","0","0","0","0 ETH"
"08 Apr 2023","+0.00279 ETH","36.57662 ETH","36.57941 ETH","0","0","0","0","0","0","0","0 ETH"
"07 Apr 2023","+0.00282 ETH","36.5738 ETH","36.57661 ETH","0","0","0","0","0","0","0","0 ETH"
"06 Apr 2023","+0.00275 ETH","36.57104 ETH","36.57379 ETH","0","0","0","0","0","0","0","0 ETH"
"05 Apr 2023","+0.00263 ETH","36.56841 ETH","36.57103 ETH","8","0","0","0","0","0","0","0 ETH"
"04 Apr 2023","+0.00279 ETH","36.56561 ETH","36.56839 ETH","0","0","0","0","0","0","0","0 ETH"
"03 Apr 2023","+0.00282 ETH","36.56278 ETH","36.5656 ETH","0","0","0","0","0","0","0","0 ETH"
"02 Apr 2023","+0.00284 ETH","36.55994 ETH","36.56277 ETH","0","0","0","0","0","0","0","0 ETH"
"01 Apr 2023","+0.00284 ETH","36.55709 ETH","36.55993 ETH","0","0","0","0","0","0","0","0 ETH"
"31 Mar 2023","+0.00283 ETH","36.55425 ETH","36.55708 ETH","0","0","0","0","0","0","0","0 ETH"
"30 Mar 2023","+0.00283 ETH","36.55142 ETH","36.55424 ETH","0","0","0","0","0","0","0","0 ETH"
"29 Mar 2023","+0.00282 ETH","36.5486 ETH","36.55141 ETH","0","0","0","0","0","0","0","0 ETH"
"28 Mar 2023","+0.00283 ETH","36.54576 ETH","36.54858 ETH","0","0","0","0","0","0","0","0 ETH"
"27 Mar 2023","+0.00275 ETH","36.54301 ETH","36.54575 ETH","3","0","0","0","0","0","0","0 ETH"
"26 Mar 2023","+0.00284 ETH","36.54017 ETH","36.543 ETH","1","0","0","0","0","0","0","0 ETH"
"25 Mar 2023","+0.00286 ETH","36.53731 ETH","36.54016 ETH","0","0","0","0","0","0","0","0 ETH"
"24 Mar 2023","+0.00285 ETH","36.53445 ETH","36.5373 ETH","1","0","0","0","0","0","0","0 ETH"
"23 Mar 2023","+0.00286 ETH","36.53159 ETH","36.53444 ETH","0","0","0","0","0","0","0","0 ETH"
"22 Mar 2023","+0.00286 ETH","36.52872 ETH","36.53157 ETH","0","0","0","0","0","0","0","0 ETH"
"21 Mar 2023","+0.00287 ETH","36.52585 ETH","36.52871 ETH","0","0","0","0","0","0","0","0 ETH"
"20 Mar 2023","+0.00285 ETH","36.52299 ETH","36.52584 ETH","0","0","0","0","0","0","0","0 ETH"
"19 Mar 2023","+0.00287 ETH","36.52012 ETH","36.52298 ETH","0","0","0","0","0","0","0","0 ETH"
"18 Mar 2023","+0.00287 ETH","36.51725 ETH","36.5201 ETH","0","0","0","0","0","0","0","0 ETH"
"17 Mar 2023","+0.00285 ETH","36.51439 ETH","36.51723 ETH","1","0","0","0","0","0","0","0 ETH"
"16 Mar 2023","+0.00288 ETH","36.51151 ETH","36.51438 ETH","0","0","0","0","0","0","0","0 ETH"
"15 Mar 2023","+0.00285 ETH","36.50865 ETH","36.5115 ETH","2","0","0","0","0","0","0","0 ETH"
"14 Mar 2023","+0.00283 ETH","36.50581 ETH","36.50864 ETH","1","0","0","0","0","0","0","0 ETH"
"13 Mar 2023","+0.00285 ETH","36.50296 ETH","36.5058 ETH","0","0","0","0","0","0","0","0 ETH"
"12 Mar 2023","+0.00288 ETH","36.50008 ETH","36.50295 ETH","0","0","0","0","0","0","0","0 ETH"
"11 Mar 2023","+0.00286 ETH","36.49722 ETH","36.50006 ETH","0","0","0","0","0","0","0","0 ETH"
"10 Mar 2023","+0.00288 ETH","36.49433 ETH","36.4972 ETH","0","0","0","0","0","0","0","0 ETH"
"09 Mar 2023","+0.00287 ETH","36.49145 ETH","36.49432 ETH","0","0","0","0","0","0","0","0 ETH"
"08 Mar 2023","+0.00289 ETH","36.48855 ETH","36.49144 ETH","0","0","0","0","0","0","0","0 ETH"
"07 Mar 2023","+0.00278 ETH","36.48577 ETH","36.48854 ETH","5","0","0","0","0","0","0","0 ETH"
"06 Mar 2023","+0.00288 ETH","36.48289 ETH","36.48575 ETH","0","0","0","0","0","0","0","0 ETH"
"05 Mar 2023","+0.00254 ETH","36.48032 ETH","36.48287 ETH","14","0","0","0","0","0","0","0 ETH"
"04 Mar 2023","+0.00262 ETH","36.47771 ETH","36.48033 ETH","14","0","0","0","0","0","0","0 ETH"
"03 Mar 2023","+0.00289 ETH","36.47481 ETH","36.4777 ETH","0","0","0","0","0","0","0","0 ETH"
"02 Mar 2023","+0.00288 ETH","36.47193 ETH","36.4748 ETH","0","0","0","0","0","0","0","0 ETH"
"01 Mar 2023","+0.00289 ETH","36.46903 ETH","36.47192 ETH","0","0","0","0","0","0","0","0 ETH"
"28 Feb 2023","+0.00293 ETH","36.4661 ETH","36.46902 ETH","0","0","0","0","0","0","0","0 ETH"
"27 Feb 2023","+0.00257 ETH","36.4635 ETH","36.46609 ETH","14","0","0","0","0","0","0","0 ETH"
"26 Feb 2023","+0.00288 ETH","36.46064 ETH","36.46351 ETH","3","0","0","0","0","0","0","0 ETH"
"25 Feb 2023","+0.00291 ETH","36.45773 ETH","36.46063 ETH","0","0","0","0","0","0","0","0 ETH"
"24 Feb 2023","+0.00292 ETH","36.45481 ETH","36.45772 ETH","0","0","0","0","0","0","0","0 ETH"
"23 Feb 2023","+0.00293 ETH","36.45187 ETH","36.45479 ETH","0","0","0","0","0","0","0","0 ETH"
"22 Feb 2023","+0.00291 ETH","36.44896 ETH","36.45186 ETH","1","0","0","0","0","0","0","0 ETH"
"21 Feb 2023","+0.00293 ETH","36.44602 ETH","36.44895 ETH","0","0","0","0","0","0","0","0 ETH"
"20 Feb 2023","+0.00294 ETH","36.44308 ETH","36.44601 ETH","0","0","0","0","0","0","0","0 ETH"
"19 Feb 2023","+0.00280 ETH","36.44025 ETH","36.44307 ETH","4","0","0","0","0","0","0","0 ETH"
"18 Feb 2023","-0.00222 ETH","36.44248 ETH","36.44026 ETH","225","0","0","0","0","0","0","0 ETH"
"17 Feb 2023","-0.00223 ETH","36.44471 ETH","36.44249 ETH","225","0","0","0","0","0","0","0 ETH"
"16 Feb 2023","-0.00223 ETH","36.44694 ETH","36.44472 ETH","225","0","0","0","0","0","0","0 ETH"
"15 Feb 2023","-0.00223 ETH","36.44917 ETH","36.44695 ETH","225","0","0","0","0","0","0","0 ETH"
"14 Feb 2023","+0.00198 ETH","36.4472 ETH","36.44918 ETH","44","0","0","0","0","0","0","0 ETH"
"13 Feb 2023","+0.00296 ETH","36.44423 ETH","36.44719 ETH","0","0","0","0","0","0","0","0 ETH"
"12 Feb 2023","+0.00297 ETH","36.44126 ETH","36.44422 ETH","0","0","0","0","0","0","0","0 ETH"
"11 Feb 2023","+0.00297 ETH","36.43829 ETH","36.44125 ETH","1","0","0","0","0","0","0","0 ETH"
"10 Feb 2023","+0.00297 ETH","36.43532 ETH","36.43827 ETH","0","0","0","0","0","0","0","0 ETH"
"09 Feb 2023","+0.00298 ETH","36.43233 ETH","36.4353 ETH","0","0","0","0","0","0","0","0 ETH"
"08 Feb 2023","+0.00298 ETH","36.42935 ETH","36.43232 ETH","0","0","0","0","0","0","0","0 ETH"
"07 Feb 2023","+0.00296 ETH","36.42638 ETH","36.42934 ETH","0","0","0","0","0","0","0","0 ETH"
"06 Feb 2023","+0.00298 ETH","36.4234 ETH","36.42637 ETH","0","0","0","0","0","0","0","0 ETH"
"05 Feb 2023","+0.00297 ETH","36.42043 ETH","36.42338 ETH","1","0","0","0","0","0","0","0 ETH"
"04 Feb 2023","+0.03480 ETH","36.38562 ETH","36.42041 ETH","0","1","0","0","0","0","0","0 ETH"
"03 Feb 2023","+0.00297 ETH","36.38264 ETH","36.38561 ETH","0","0","0","0","0","0","0","0 ETH"
"02 Feb 2023","+0.00299 ETH","36.37965 ETH","36.38263 ETH","1","0","0","0","0","0","0","0 ETH"
"01 Feb 2023","+0.00299 ETH","36.37666 ETH","36.37963 ETH","1","0","0","0","0","0","0","0 ETH"
"31 Jan 2023","+0.00300 ETH","36.37365 ETH","36.37664 ETH","0","0","0","0","0","0","0","0 ETH"
"30 Jan 2023","+0.00294 ETH","36.3707 ETH","36.37364 ETH","2","0","0","0","0","0","0","0 ETH"
"29 Jan 2023","+0.00298 ETH","36.36772 ETH","36.37069 ETH","2","0","0","0","0","0","0","0 ETH"
"28 Jan 2023","+0.00301 ETH","36.36471 ETH","36.36771 ETH","0","0","0","0","0","0","0","0 ETH"
"27 Jan 2023","+0.00300 ETH","36.3617 ETH","36.3647 ETH","0","0","0","0","0","0","0","0 ETH"
"26 Jan 2023","+0.00300 ETH","36.35869 ETH","36.36169 ETH","0","0","0","0","0","0","0","0 ETH"
"25 Jan 2023","+0.00300 ETH","36.35568 ETH","36.35868 ETH","0","0","0","0","0","0","0","0 ETH"
"24 Jan 2023","+0.00301 ETH","36.35267 ETH","36.35567 ETH","0","0","0","0","0","0","0","0 ETH"
"23 Jan 2023","+0.00300 ETH","36.34967 ETH","36.35266 ETH","0","0","0","0","0","0","0","0 ETH"
"22 Jan 2023","+0.00301 ETH","36.34666 ETH","36.34966 ETH","0","0","0","0","0","0","0","0 ETH"
"21 Jan 2023","+0.00303 ETH","36.34362 ETH","36.34664 ETH","0","0","0","0","0","0","0","0 ETH"
"20 Jan 2023","+0.00299 ETH","36.34063 ETH","36.34361 ETH","1","0","0","0","0","0","0","0 ETH"
"19 Jan 2023","+0.00303 ETH","36.33759 ETH","36.34061 ETH","0","0","0","0","0","0","0","0 ETH"
"18 Jan 2023","+0.00302 ETH","36.33457 ETH","36.33758 ETH","0","0","0","0","0","0","0","0 ETH"
"17 Jan 2023","+0.00302 ETH","36.33154 ETH","36.33455 ETH","0","0","0","0","0","0","0","0 ETH"
"16 Jan 2023","+0.00301 ETH","36.32853 ETH","36.33153 ETH","0","0","0","0","0","0","0","0 ETH"
"15 Jan 2023","+0.00295 ETH","36.32557 ETH","36.32852 ETH","0","0","0","0","0","0","0","0 ETH"
"14 Jan 2023","+0.00300 ETH","36.32256 ETH","36.32556 ETH","0","0","0","0","0","0","0","0 ETH"
"13 Jan 2023","+0.00301 ETH","36.31955 ETH","36.32255 ETH","0","0","0","0","0","0","0","0 ETH"
"12 Jan 2023","+0.00298 ETH","36.31656 ETH","36.31953 ETH","0","0","0","0","0","0","0","0 ETH"
"11 Jan 2023","+0.00302 ETH","36.31353 ETH","36.31655 ETH","0","0","0","0","0","0","0","0 ETH"
"10 Jan 2023","+0.00303 ETH","36.3105 ETH","36.31352 ETH","0","0","0","0","0","0","0","0 ETH"
"09 Jan 2023","+0.00301 ETH","36.30748 ETH","36.31049 ETH","0","0","0","0","0","0","0","0 ETH"
"08 Jan 2023","+0.00300 ETH","36.30448 ETH","36.30747 ETH","0","0","0","0","0","0","0","0 ETH"
"07 Jan 2023","+0.00302 ETH","36.30146 ETH","36.30447 ETH","0","0","0","0","0","0","0","0 ETH"
"06 Jan 2023","+0.00303 ETH","36.29842 ETH","36.30144 ETH","0","0","0","0","0","0","0","0 ETH"
"05 Jan 2023","+0.00300 ETH","36.29542 ETH","36.29841 ETH","0","0","0","0","0","0","0","0 ETH"
"04 Jan 2023","+0.00303 ETH","36.29238 ETH","36.2954 ETH","0","0","0","0","0","0","0","0 ETH"
"03 Jan 2023","+0.00302 ETH","36.28935 ETH","36.29236 ETH","0","0","0","0","0","0","0","0 ETH"
"02 Jan 2023","+0.00302 ETH","36.28632 ETH","36.28934 ETH","0","0","0","0","0","0","0","0 ETH"
"01 Jan 2023","+0.00303 ETH","36.28329 ETH","36.28631 ETH","0","0","0","0","0","0","0","0 ETH"
"31 Dec 2022","+0.00305 ETH","36.28024 ETH","36.28328 ETH","0","0","0","0","0","0","0","0 ETH"
"30 Dec 2022","+0.00293 ETH","36.27731 ETH","36.28022 ETH","4","0","0","0","0","0","0","0 ETH"
"29 Dec 2022","+0.00296 ETH","36.27434 ETH","36.27729 ETH","3","0","0","0","0","0","0","0 ETH"
"28 Dec 2022","+0.00302 ETH","36.27132 ETH","36.27433 ETH","0","0","0","0","0","0","0","0 ETH"
"27 Dec 2022","+0.00304 ETH","36.26827 ETH","36.2713 ETH","0","0","0","0","0","0","0","0 ETH"
"26 Dec 2022","+0.00303 ETH","36.26524 ETH","36.26826 ETH","0","0","0","0","0","0","0","0 ETH"
"25 Dec 2022","+0.00304 ETH","36.26219 ETH","36.26522 ETH","0","0","0","0","0","0","0","0 ETH"
"24 Dec 2022","+0.00304 ETH","36.25914 ETH","36.26217 ETH","0","0","0","0","0","0","0","0 ETH"
"23 Dec 2022","+0.00301 ETH","36.25612 ETH","36.25913 ETH","0","0","0","0","0","0","0","0 ETH"
"22 Dec 2022","+0.00303 ETH","36.25309 ETH","36.25611 ETH","0","0","0","0","0","0","0","0 ETH"
"21 Dec 2022","+0.00303 ETH","36.25005 ETH","36.25307 ETH","0","0","0","0","0","0","0","0 ETH"
"20 Dec 2022","+0.00302 ETH","36.24702 ETH","36.25004 ETH","0","0","0","0","0","0","0","0 ETH"
"19 Dec 2022","+0.00305 ETH","36.24397 ETH","36.24701 ETH","0","0","0","0","0","0","0","0 ETH"
"18 Dec 2022","+0.00305 ETH","36.24091 ETH","36.24395 ETH","0","0","0","0","0","0","0","0 ETH"
"17 Dec 2022","+0.00303 ETH","36.23787 ETH","36.24089 ETH","0","0","0","0","0","0","0","0 ETH"
"16 Dec 2022","+0.00302 ETH","36.23485 ETH","36.23785 ETH","0","0","0","0","0","0","0","0 ETH"
"15 Dec 2022","+0.00304 ETH","36.23181 ETH","36.23483 ETH","0","0","0","0","0","0","0","0 ETH"
"14 Dec 2022","+0.00304 ETH","36.22876 ETH","36.23179 ETH","0","0","0","0","0","0","0","0 ETH"
"13 Dec 2022","+0.00304 ETH","36.22571 ETH","36.22875 ETH","0","0","0","0","0","0","0","0 ETH"
"12 Dec 2022","+0.00305 ETH","36.22266 ETH","36.2257 ETH","0","0","0","0","0","0","0","0 ETH"
"11 Dec 2022","+0.00302 ETH","36.21963 ETH","36.22265 ETH","1","0","0","0","0","0","0","0 ETH"
"10 Dec 2022","+0.00302 ETH","36.2166 ETH","36.21962 ETH","0","0","0","0","0","0","0","0 ETH"
"09 Dec 2022","+0.00305 ETH","36.21354 ETH","36.21659 ETH","0","0","0","0","0","0","0","0 ETH"
"08 Dec 2022","+0.00305 ETH","36.21049 ETH","36.21353 ETH","0","0","0","0","0","0","0","0 ETH"
"07 Dec 2022","+0.00302 ETH","36.20747 ETH","36.21048 ETH","0","0","0","0","0","0","0","0 ETH"
"06 Dec 2022","+0.00296 ETH","36.20451 ETH","36.20746 ETH","0","0","0","0","0","0","0","0 ETH"
"05 Dec 2022","+0.00305 ETH","36.20145 ETH","36.20449 ETH","0","0","0","0","0","0","0","0 ETH"
"04 Dec 2022","+0.00301 ETH","36.19843 ETH","36.20144 ETH","0","0","0","0","0","0","0","0 ETH"
"03 Dec 2022","+0.00305 ETH","36.19537 ETH","36.19842 ETH","0","0","0","0","0","0","0","0 ETH"
"02 Dec 2022","+0.00303 ETH","36.19234 ETH","36.19536 ETH","0","0","0","0","0","0","0","0 ETH"
"01 Dec 2022","+0.00306 ETH","36.18927 ETH","36.19232 ETH","0","0","0","0","0","0","0","0 ETH"
"30 Nov 2022","+0.00305 ETH","36.18621 ETH","36.18926 ETH","0","0","0","0","0","0","0","0 ETH"
"29 Nov 2022","+0.00306 ETH","36.18315 ETH","36.1862 ETH","0","0","0","0","0","0","0","0 ETH"
"28 Nov 2022","+0.00302 ETH","36.18012 ETH","36.18313 ETH","0","0","0","0","0","0","0","0 ETH"
"27 Nov 2022","+0.00307 ETH","36.17705 ETH","36.18011 ETH","0","0","0","0","0","0","0","0 ETH"
"26 Nov 2022","+0.00305 ETH","36.17399 ETH","36.17703 ETH","0","0","0","0","0","0","0","0 ETH"
"25 Nov 2022","+0.00306 ETH","36.17092 ETH","36.17398 ETH","0","0","0","0","0","0","0","0 ETH"
"24 Nov 2022","+0.00306 ETH","36.16786 ETH","36.17091 ETH","1","0","0","0","0","0","0","0 ETH"
"23 Nov 2022","+0.00305 ETH","36.16481 ETH","36.16785 ETH","0","0","0","0","0","0","0","0 ETH"
"22 Nov 2022","+0.00308 ETH","36.16172 ETH","36.1648 ETH","0","0","0","0","0","0","0","0 ETH"
"21 Nov 2022","+0.00306 ETH","36.15866 ETH","36.16171 ETH","1","0","0","0","0","0","0","0 ETH"
"20 Nov 2022","+0.00309 ETH","36.15556 ETH","36.15865 ETH","0","0","0","0","0","0","0","0 ETH"
"19 Nov 2022","+0.00298 ETH","36.15258 ETH","36.15555 ETH","5","0","0","0","0","0","0","0 ETH"
"18 Nov 2022","+0.00306 ETH","36.14951 ETH","36.15256 ETH","2","0","0","0","0","0","0","0 ETH"
"17 Nov 2022","+0.00306 ETH","36.14645 ETH","36.1495 ETH","0","0","0","0","0","0","0","0 ETH"
"16 Nov 2022","+0.00310 ETH","36.14334 ETH","36.14644 ETH","0","0","0","0","0","0","0","0 ETH"
"15 Nov 2022","+0.00301 ETH","36.14033 ETH","36.14333 ETH","3","0","0","0","0","0","0","0 ETH"
"14 Nov 2022","+0.00303 ETH","36.13729 ETH","36.14031 ETH","0","0","0","0","0","0","0","0 ETH"
"13 Nov 2022","+0.00312 ETH","36.13416 ETH","36.13727 ETH","1","0","0","0","0","0","0","0 ETH"
"12 Nov 2022","+0.00312 ETH","36.13103 ETH","36.13415 ETH","0","0","0","0","0","0","0","0 ETH"
"11 Nov 2022","+0.00312 ETH","36.1279 ETH","36.13102 ETH","0","0","0","0","0","0","0","0 ETH"
"10 Nov 2022","+0.00310 ETH","36.1248 ETH","36.12789 ETH","1","0","0","0","0","0","0","0 ETH"
"09 Nov 2022","+0.00311 ETH","36.12168 ETH","36.12478 ETH","0","0","0","0","0","0","0","0 ETH"
"08 Nov 2022","+0.00313 ETH","36.11855 ETH","36.12166 ETH","0","0","0","0","0","0","0","0 ETH"
"07 Nov 2022","+0.00314 ETH","36.1154 ETH","36.11853 ETH","0","0","0","0","0","0","0","0 ETH"
"06 Nov 2022","+0.00314 ETH","36.11225 ETH","36.11538 ETH","0","0","0","0","0","0","0","0 ETH"
"05 Nov 2022","+0.00314 ETH","36.10912 ETH","36.11224 ETH","0","0","0","0","0","0","0","0 ETH"
"04 Nov 2022","+0.00314 ETH","36.10597 ETH","36.1091 ETH","0","0","0","0","0","0","0","0 ETH"
"03 Nov 2022","+0.00301 ETH","36.10296 ETH","36.10596 ETH","4","0","0","0","0","0","0","0 ETH"
"02 Nov 2022","+0.00315 ETH","36.0998 ETH","36.10294 ETH","0","0","0","0","0","0","0","0 ETH"
"01 Nov 2022","+0.00314 ETH","36.09666 ETH","36.09979 ETH","0","0","0","0","0","0","0","0 ETH"
"31 Oct 2022","+0.00312 ETH","36.09353 ETH","36.09664 ETH","0","0","0","0","0","0","0","0 ETH"
"30 Oct 2022","+0.00315 ETH","36.09038 ETH","36.09352 ETH","0","0","0","0","0","0","0","0 ETH"
"29 Oct 2022","+0.00315 ETH","36.08723 ETH","36.09036 ETH","1","0","0","0","0","0","0","0 ETH"
"28 Oct 2022","+0.00314 ETH","36.08408 ETH","36.08721 ETH","0","0","0","0","0","0","0","0 ETH"
"27 Oct 2022","+0.00314 ETH","36.08094 ETH","36.08407 ETH","0","0","0","0","0","0","0","0 ETH"
"26 Oct 2022","+0.00317 ETH","36.07776 ETH","36.08092 ETH","0","0","0","0","0","0","0","0 ETH"
"25 Oct 2022","+0.00314 ETH","36.07462 ETH","36.07775 ETH","1","0","0","0","0","0","0","0 ETH"
"24 Oct 2022","+0.00312 ETH","36.07149 ETH","36.0746 ETH","1","0","0","0","0","0","0","0 ETH"
"23 Oct 2022","+0.00316 ETH","36.06833 ETH","36.07148 ETH","0","0","0","0","0","0","0","0 ETH"
"22 Oct 2022","+0.00319 ETH","36.06513 ETH","36.06831 ETH","0","0","0","0","0","0","0","0 ETH"
"21 Oct 2022","+0.00315 ETH","36.06198 ETH","36.06512 ETH","0","0","0","0","0","0","0","0 ETH"
"20 Oct 2022","+0.00318 ETH","36.05879 ETH","36.06196 ETH","1","0","0","0","0","0","0","0 ETH"
"19 Oct 2022","+0.00316 ETH","36.05563 ETH","36.05878 ETH","0","0","0","0","0","0","0","0 ETH"
"18 Oct 2022","+0.00319 ETH","36.05243 ETH","36.05562 ETH","0","0","0","0","0","0","0","0 ETH"
"17 Oct 2022","+0.00319 ETH","36.04924 ETH","36.05242 ETH","0","0","0","0","0","0","0","0 ETH"
"16 Oct 2022","+0.00313 ETH","36.0461 ETH","36.04923 ETH","1","0","0","0","0","0","0","0 ETH"
"15 Oct 2022","+0.00319 ETH","36.04291 ETH","36.04609 ETH","0","0","0","0","0","0","0","0 ETH"
"14 Oct 2022","+0.00320 ETH","36.03971 ETH","36.0429 ETH","0","0","0","0","0","0","0","0 ETH"
"13 Oct 2022","+0.00284 ETH","36.03686 ETH","36.03969 ETH","14","0","0","0","0","0","0","0 ETH"
"12 Oct 2022","+0.00319 ETH","36.03366 ETH","36.03684 ETH","0","0","0","0","0","0","0","0 ETH"
"11 Oct 2022","+0.00320 ETH","36.03045 ETH","36.03365 ETH","0","0","0","0","0","0","0","0 ETH"
"10 Oct 2022","+0.00321 ETH","36.02724 ETH","36.03044 ETH","0","0","0","0","0","0","0","0 ETH"
"09 Oct 2022","+0.00319 ETH","36.02404 ETH","36.02723 ETH","0","0","0","0","0","0","0","0 ETH"
"08 Oct 2022","+0.00321 ETH","36.02083 ETH","36.02403 ETH","0","0","0","0","0","0","0","0 ETH"
"07 Oct 2022","+0.00314 ETH","36.01768 ETH","36.02081 ETH","0","0","0","0","0","0","0","0 ETH"
"06 Oct 2022","+0.00318 ETH","36.0145 ETH","36.01766 ETH","0","0","0","0","0","0","0","0 ETH"
"05 Oct 2022","+0.00320 ETH","36.01129 ETH","36.01448 ETH","0","0","0","0","0","0","0","0 ETH"
"04 Oct 2022","+0.00317 ETH","36.00811 ETH","36.01128 ETH","0","0","0","0","0","0","0","0 ETH"
"03 Oct 2022","+0.00319 ETH","36.00492 ETH","36.0081 ETH","0","0","0","0","0","0","0","0 ETH"
"02 Oct 2022","+0.00322 ETH","36.0017 ETH","36.00491 ETH","0","0","0","0","0","0","0","0 ETH"
"01 Oct 2022","+0.00319 ETH","35.9985 ETH","36.00169 ETH","0","0","0","0","0","0","0","0 ETH"
"30 Sep 2022","+0.00282 ETH","35.99568 ETH","35.99849 ETH","16","0","0","0","0","0","0","0 ETH"
"29 Sep 2022","+0.00316 ETH","35.99251 ETH","35.99566 ETH","1","0","0","0","0","0","0","0 ETH"
"28 Sep 2022","+0.00322 ETH","35.98929 ETH","35.9925 ETH","0","0","0","0","0","0","0","0 ETH"
"27 Sep 2022","+0.00320 ETH","35.98609 ETH","35.98928 ETH","0","0","0","0","0","0","0","0 ETH"
"26 Sep 2022","+0.00323 ETH","35.98286 ETH","35.98607 ETH","0","0","0","0","0","0","0","0 ETH"
"25 Sep 2022","+0.00322 ETH","35.97963 ETH","35.98284 ETH","0","0","0","0","0","0","0","0 ETH"
"24 Sep 2022","+0.00323 ETH","35.97639 ETH","35.97962 ETH","0","0","0","0","0","0","0","0 ETH"
"23 Sep 2022","+0.03227 ETH","35.94411 ETH","35.97638 ETH","0","1","0","0","0","0","0","0 ETH"
"22 Sep 2022","+0.00323 ETH","35.94088 ETH","35.9441 ETH","0","0","0","0","0","0","0","0 ETH"
"21 Sep 2022","+0.00324 ETH","35.93763 ETH","35.94086 ETH","1","0","0","0","0","0","0","0 ETH"
"20 Sep 2022","+0.00321 ETH","35.93442 ETH","35.93762 ETH","0","0","0","0","0","0","0","0 ETH"
"19 Sep 2022","+0.00322 ETH","35.93119 ETH","35.93441 ETH","0","0","0","0","0","0","0","0 ETH"
"18 Sep 2022","+0.00321 ETH","35.92798 ETH","35.93118 ETH","1","0","0","0","0","0","0","0 ETH"
"17 Sep 2022","+0.00321 ETH","35.92476 ETH","35.92797 ETH","0","0","0","0","0","0","0","0 ETH"
"16 Sep 2022","+0.00320 ETH","35.92156 ETH","35.92475 ETH","1","0","0","0","0","0","0","0 ETH"
"15 Sep 2022","+0.00321 ETH","35.91835 ETH","35.92154 ETH","1","0","0","0","0","0","0","0 ETH"
"14 Sep 2022","+0.00327 ETH","35.91507 ETH","35.91833 ETH","0","0","0","0","0","0","0","0 ETH"
"13 Sep 2022","+0.00327 ETH","35.9118 ETH","35.91506 ETH","0","0","0","0","0","0","0","0 ETH"
"12 Sep 2022","+0.00327 ETH","35.90853 ETH","35.91179 ETH","0","0","0","0","0","0","0","0 ETH"
"11 Sep 2022","+0.00327 ETH","35.90525 ETH","35.90851 ETH","0","0","0","0","0","0","0","0 ETH"
"10 Sep 2022","+0.00326 ETH","35.90198 ETH","35.90524 ETH","0","0","0","0","0","0","0","0 ETH"
"09 Sep 2022","+0.00327 ETH","35.89871 ETH","35.90197 ETH","0","0","0","0","0","0","0","0 ETH"
"08 Sep 2022","+0.00326 ETH","35.89544 ETH","35.89869 ETH","0","0","0","0","0","0","0","0 ETH"
"07 Sep 2022","+0.00324 ETH","35.8922 ETH","35.89543 ETH","0","0","0","0","0","0","0","0 ETH"
"06 Sep 2022","+0.00318 ETH","35.88901 ETH","35.89218 ETH","1","0","0","0","0","0","0","0 ETH"
"05 Sep 2022","+0.00327 ETH","35.88574 ETH","35.889 ETH","0","0","0","0","0","0","0","0 ETH"
"04 Sep 2022","+0.00311 ETH","35.88263 ETH","35.88573 ETH","7","0","0","0","0","0","0","0 ETH"
"03 Sep 2022","+0.00324 ETH","35.87938 ETH","35.88261 ETH","1","0","0","0","0","0","0","0 ETH"
"02 Sep 2022","+0.00327 ETH","35.87611 ETH","35.87937 ETH","0","0","0","0","0","0","0","0 ETH"
"01 Sep 2022","+0.00329 ETH","35.87282 ETH","35.87609 ETH","0","0","0","0","0","0","0","0 ETH"
"31 Aug 2022","+0.00329 ETH","35.86952 ETH","35.8728 ETH","1","0","0","0","0","0","0","0 ETH"
"30 Aug 2022","+0.00330 ETH","35.86622 ETH","35.86951 ETH","0","0","0","0","0","0","0","0 ETH"
"29 Aug 2022","+0.03207 ETH","35.83415 ETH","35.86621 ETH","0","1","0","0","0","0","0","0 ETH"
"28 Aug 2022","+0.00323 ETH","35.83091 ETH","35.83413 ETH","3","0","0","0","0","0","0","0 ETH"
"27 Aug 2022","+0.00332 ETH","35.82759 ETH","35.83089 ETH","0","0","0","0","0","0","0","0 ETH"
"26 Aug 2022","+0.00332 ETH","35.82426 ETH","35.82757 ETH","0","0","0","0","0","0","0","0 ETH"
"25 Aug 2022","+0.00324 ETH","35.82101 ETH","35.82424 ETH","0","0","0","0","0","0","0","0 ETH"
"24 Aug 2022","+0.00328 ETH","35.81773 ETH","35.821 ETH","0","0","0","0","0","0","0","0 ETH"
"23 Aug 2022","+0.00329 ETH","35.81443 ETH","35.81771 ETH","0","0","0","0","0","0","0","0 ETH"
"22 Aug 2022","+0.00331 ETH","35.81111 ETH","35.81441 ETH","0","0","0","0","0","0","0","0 ETH"
"21 Aug 2022","+0.00330 ETH","35.80781 ETH","35.8111 ETH","0","0","0","0","0","0","0","0 ETH"
"20 Aug 2022","+0.00332 ETH","35.80449 ETH","35.80779 ETH","0","0","0","0","0","0","0","0 ETH"
"19 Aug 2022","+0.00332 ETH","35.80116 ETH","35.80447 ETH","0","0","0","0","0","0","0","0 ETH"
"18 Aug 2022","+0.00330 ETH","35.79786 ETH","35.80115 ETH","0","0","0","0","0","0","0","0 ETH"
"17 Aug 2022","+0.00331 ETH","35.79454 ETH","35.79784 ETH","0","0","0","0","0","0","0","0 ETH"
"16 Aug 2022","+0.00331 ETH","35.79123 ETH","35.79452 ETH","0","0","0","0","0","0","0","0 ETH"
"15 Aug 2022","+0.00329 ETH","35.78793 ETH","35.79121 ETH","0","0","0","0","0","0","0","0 ETH"
"14 Aug 2022","+0.00333 ETH","35.78459 ETH","35.78791 ETH","0","0","0","0","0","0","0","0 ETH"
"13 Aug 2022","+0.00333 ETH","35.78126 ETH","35.78457 ETH","0","0","0","0","0","0","0","0 ETH"
"12 Aug 2022","+0.00333 ETH","35.77792 ETH","35.78124 ETH","0","0","0","0","0","0","0","0 ETH"
"11 Aug 2022","+0.00333 ETH","35.77459 ETH","35.7779 ETH","0","0","0","0","0","0","0","0 ETH"
"10 Aug 2022","+0.00333 ETH","35.77125 ETH","35.77457 ETH","0","0","0","0","0","0","0","0 ETH"
"09 Aug 2022","+0.00333 ETH","35.76792 ETH","35.77124 ETH","0","0","0","0","0","0","0","0 ETH"
"08 Aug 2022","+0.00331 ETH","35.76461 ETH","35.7679 ETH","0","0","0","0","0","0","0","0 ETH"
"07 Aug 2022","+0.00333 ETH","35.76127 ETH","35.76459 ETH","0","0","0","0","0","0","0","0 ETH"
"06 Aug 2022","+0.00334 ETH","35.75792 ETH","35.76125 ETH","0","0","0","0","0","0","0","0 ETH"
"05 Aug 2022","+0.00334 ETH","35.75457 ETH","35.7579 ETH","0","0","0","0","0","0","0","0 ETH"
"04 Aug 2022","+0.03735 ETH","35.71721 ETH","35.75456 ETH","0","1","0","0","0","0","0","0 ETH"
"03 Aug 2022","+0.00333 ETH","35.71387 ETH","35.7172 ETH","0","0","0","0","0","0","0","0 ETH"
"02 Aug 2022","+0.00335 ETH","35.71052 ETH","35.71386 ETH","0","0","0","0","0","0","0","0 ETH"
"01 Aug 2022","+0.00335 ETH","35.70717 ETH","35.71051 ETH","0","0","0","0","0","0","0","0 ETH"
"31 Jul 2022","+0.00333 ETH","35.70383 ETH","35.70715 ETH","0","0","0","0","0","0","0","0 ETH"
"30 Jul 2022","+0.00334 ETH","35.70048 ETH","35.70382 ETH","0","0","0","0","0","0","0","0 ETH"
"29 Jul 2022","+0.00334 ETH","35.69714 ETH","35.70047 ETH","0","0","0","0","0","0","0","0 ETH"
"28 Jul 2022","+0.00332 ETH","35.69382 ETH","35.69713 ETH","0","0","0","0","0","0","0","0 ETH"
"27 Jul 2022","+0.00336 ETH","35.69045 ETH","35.6938 ETH","0","0","0","0","0","0","0","0 ETH"
"26 Jul 2022","+0.00332 ETH","35.68713 ETH","35.69044 ETH","0","0","0","0","0","0","0","0 ETH"
"25 Jul 2022","+0.00334 ETH","35.68379 ETH","35.68712 ETH","0","0","0","0","0","0","0","0 ETH"
"24 Jul 2022","+0.00333 ETH","35.68046 ETH","35.68377 ETH","0","0","0","0","0","0","0","0 ETH"
"23 Jul 2022","+0.00333 ETH","35.67712 ETH","35.68044 ETH","0","0","0","0","0","0","0","0 ETH"
"22 Jul 2022","+0.00334 ETH","35.67378 ETH","35.6771 ETH","0","0","0","0","0","0","0","0 ETH"
"21 Jul 2022","+0.00333 ETH","35.67044 ETH","35.67376 ETH","0","0","0","0","0","0","0","0 ETH"
"20 Jul 2022","+0.00334 ETH","35.66709 ETH","35.67042 ETH","0","0","0","0","0","0","0","0 ETH"
"19 Jul 2022","+0.00327 ETH","35.66382 ETH","35.66707 ETH","4","0","0","0","0","0","0","0 ETH"
"18 Jul 2022","+0.00328 ETH","35.66052 ETH","35.6638 ETH","1","0","0","0","0","0","0","0 ETH"
"17 Jul 2022","+0.00333 ETH","35.65719 ETH","35.66051 ETH","0","0","0","0","0","0","0","0 ETH"
"16 Jul 2022","+0.00311 ETH","35.65407 ETH","35.65717 ETH","8","0","0","0","0","0","0","0 ETH"
"15 Jul 2022","+0.00331 ETH","35.65075 ETH","35.65406 ETH","0","0","0","0","0","0","0","0 ETH"
"14 Jul 2022","+0.00332 ETH","35.64743 ETH","35.65074 ETH","0","0","0","0","0","0","0","0 ETH"
"13 Jul 2022","+0.00334 ETH","35.64409 ETH","35.64741 ETH","0","0","0","0","0","0","0","0 ETH"
"12 Jul 2022","+0.00334 ETH","35.64074 ETH","35.64407 ETH","0","0","0","0","0","0","0","0 ETH"
"11 Jul 2022","+0.00331 ETH","35.63742 ETH","35.64073 ETH","0","0","0","0","0","0","0","0 ETH"
"10 Jul 2022","+0.00332 ETH","35.6341 ETH","35.63741 ETH","0","0","0","0","0","0","0","0 ETH"
"09 Jul 2022","+0.00336 ETH","35.63073 ETH","35.63408 ETH","0","0","0","0","0","0","0","0 ETH"
"08 Jul 2022","+0.00333 ETH","35.6274 ETH","35.63072 ETH","1","0","0","0","0","0","0","0 ETH"
"07 Jul 2022","+0.00336 ETH","35.62404 ETH","35.62739 ETH","0","0","0","0","0","0","0","0 ETH"
"06 Jul 2022","+0.00334 ETH","35.62069 ETH","35.62403 ETH","0","0","0","0","0","0","0","0 ETH"
"05 Jul 2022","+0.00335 ETH","35.61734 ETH","35.62068 ETH","0","0","0","0","0","0","0","0 ETH"
"04 Jul 2022","+0.00335 ETH","35.61399 ETH","35.61732 ETH","0","0","0","0","0","0","0","0 ETH"
"03 Jul 2022","+0.00333 ETH","35.61066 ETH","35.61397 ETH","0","0","0","0","0","0","0","0 ETH"
"02 Jul 2022","+0.00331 ETH","35.60734 ETH","35.61064 ETH","0","0","0","0","0","0","0","0 ETH"
"01 Jul 2022","+0.00333 ETH","35.60401 ETH","35.60732 ETH","0","0","0","0","0","0","0","0 ETH"
"30 Jun 2022","+0.00334 ETH","35.60066 ETH","35.60399 ETH","0","0","0","0","0","0","0","0 ETH"
"29 Jun 2022","+0.00325 ETH","35.5974 ETH","35.60064 ETH","3","0","0","0","0","0","0","0 ETH"
"28 Jun 2022","+0.00336 ETH","35.59404 ETH","35.59739 ETH","0","0","0","0","0","0","0","0 ETH"
"27 Jun 2022","+0.00327 ETH","35.59077 ETH","35.59402 ETH","3","0","0","0","0","0","0","0 ETH"
"26 Jun 2022","+0.00335 ETH","35.58741 ETH","35.59075 ETH","0","0","0","0","0","0","0","0 ETH"
"25 Jun 2022","+0.00335 ETH","35.58405 ETH","35.5874 ETH","0","0","0","0","0","0","0","0 ETH"
"24 Jun 2022","+0.00330 ETH","35.58075 ETH","35.58404 ETH","0","0","0","0","0","0","0","0 ETH"
"23 Jun 2022","+0.00319 ETH","35.57756 ETH","35.58074 ETH","4","0","0","0","0","0","0","0 ETH"
"22 Jun 2022","+0.00333 ETH","35.57423 ETH","35.57755 ETH","0","0","0","0","0","0","0","0 ETH"
"21 Jun 2022","+0.00335 ETH","35.57087 ETH","35.57422 ETH","0","0","0","0","0","0","0","0 ETH"
"20 Jun 2022","+0.00309 ETH","35.56778 ETH","35.57086 ETH","9","0","0","0","0","0","0","0 ETH"
"19 Jun 2022","+0.03165 ETH","35.53613 ETH","35.56776 ETH","0","1","0","0","0","0","0","0 ETH"
"18 Jun 2022","+0.00328 ETH","35.53284 ETH","35.53611 ETH","2","0","0","0","0","0","0","0 ETH"
"17 Jun 2022","+0.00336 ETH","35.52947 ETH","35.53282 ETH","0","0","0","0","0","0","0","0 ETH"
"16 Jun 2022","+0.00336 ETH","35.52611 ETH","35.52946 ETH","0","0","0","0","0","0","0","0 ETH"
"15 Jun 2022","+0.00333 ETH","35.52277 ETH","35.52609 ETH","0","0","0","0","0","0","0","0 ETH"
"14 Jun 2022","+0.00334 ETH","35.51942 ETH","35.52275 ETH","0","0","0","0","0","0","0","0 ETH"
"13 Jun 2022","+0.00332 ETH","35.51609 ETH","35.5194 ETH","0","0","0","0","0","0","0","0 ETH"
"12 Jun 2022","+0.00334 ETH","35.51275 ETH","35.51608 ETH","0","0","0","0","0","0","0","0 ETH"
"11 Jun 2022","+0.00337 ETH","35.50937 ETH","35.51274 ETH","0","0","0","0","0","0","0","0 ETH"
"10 Jun 2022","+0.03159 ETH","35.47778 ETH","35.50936 ETH","0","1","0","0","0","0","0","0 ETH"
"09 Jun 2022","+0.00336 ETH","35.47442 ETH","35.47776 ETH","0","0","0","0","0","0","0","0 ETH"
"08 Jun 2022","+0.00335 ETH","35.47106 ETH","35.4744 ETH","0","0","0","0","0","0","0","0 ETH"
"07 Jun 2022","+0.00340 ETH","35.46766 ETH","35.47104 ETH","0","0","0","0","0","0","0","0 ETH"
"06 Jun 2022","+0.00336 ETH","35.46429 ETH","35.46764 ETH","0","0","0","0","0","0","0","0 ETH"
"05 Jun 2022","+0.00334 ETH","35.46095 ETH","35.46428 ETH","0","0","0","0","0","0","0","0 ETH"
"04 Jun 2022","+0.00335 ETH","35.45759 ETH","35.46093 ETH","0","0","0","0","0","0","0","0 ETH"
"03 Jun 2022","+0.03169 ETH","35.4259 ETH","35.45758 ETH","0","1","0","0","0","0","0","0 ETH"
"02 Jun 2022","+0.00339 ETH","35.42251 ETH","35.42588 ETH","0","0","0","0","0","0","0","0 ETH"
"01 Jun 2022","+0.00338 ETH","35.41912 ETH","35.42249 ETH","0","0","0","0","0","0","0","0 ETH"
"31 May 2022","+0.00340 ETH","35.41572 ETH","35.4191 ETH","0","0","0","0","0","0","0","0 ETH"
"30 May 2022","+0.00338 ETH","35.41234 ETH","35.4157 ETH","0","0","0","0","0","0","0","0 ETH"
"29 May 2022","+0.00339 ETH","35.40894 ETH","35.41232 ETH","0","0","0","0","0","0","0","0 ETH"
"28 May 2022","+0.03139 ETH","35.37755 ETH","35.40892 ETH","0","1","0","0","0","0","0","0 ETH"
"27 May 2022","+0.00339 ETH","35.37416 ETH","35.37753 ETH","0","0","0","0","0","0","0","0 ETH"
"26 May 2022","+0.00336 ETH","35.37079 ETH","35.37414 ETH","0","0","0","0","0","0","0","0 ETH"
"25 May 2022","+0.00343 ETH","35.36736 ETH","35.37078 ETH","0","0","0","0","0","0","0","0 ETH"
"24 May 2022","+0.00340 ETH","35.36396 ETH","35.36735 ETH","0","0","0","0","0","0","0","0 ETH"
"23 May 2022","+0.00341 ETH","35.36054 ETH","35.36394 ETH","0","0","0","0","0","0","0","0 ETH"
"22 May 2022","+0.00338 ETH","35.35715 ETH","35.36053 ETH","0","0","0","0","0","0","0","0 ETH"
"21 May 2022","+0.00343 ETH","35.35372 ETH","35.35714 ETH","0","0","0","0","0","0","0","0 ETH"
"20 May 2022","+0.00344 ETH","35.35028 ETH","35.35371 ETH","0","0","0","0","0","0","0","0 ETH"
"19 May 2022","+0.00339 ETH","35.34688 ETH","35.35027 ETH","0","0","0","0","0","0","0","0 ETH"
"18 May 2022","+0.00340 ETH","35.34347 ETH","35.34687 ETH","0","0","0","0","0","0","0","0 ETH"
"17 May 2022","+0.00341 ETH","35.34006 ETH","35.34346 ETH","0","0","0","0","0","0","0","0 ETH"
"16 May 2022","+0.00347 ETH","35.33658 ETH","35.34004 ETH","0","0","0","0","0","0","0","0 ETH"
"15 May 2022","+0.00344 ETH","35.33314 ETH","35.33657 ETH","0","0","0","0","0","0","0","0 ETH"
"14 May 2022","+0.00347 ETH","35.32966 ETH","35.33312 ETH","0","0","0","0","0","0","0","0 ETH"
"13 May 2022","+0.00344 ETH","35.32622 ETH","35.32964 ETH","0","0","0","0","0","0","0","0 ETH"
"12 May 2022","+0.00346 ETH","35.32275 ETH","35.3262 ETH","0","0","0","0","0","0","0","0 ETH"
"11 May 2022","+0.00349 ETH","35.31926 ETH","35.32274 ETH","0","0","0","0","0","0","0","0 ETH"
"10 May 2022","+0.00349 ETH","35.31577 ETH","35.31924 ETH","0","0","0","0","0","0","0","0 ETH"
"09 May 2022","+0.00350 ETH","35.31226 ETH","35.31575 ETH","0","0","0","0","0","0","0","0 ETH"
"08 May 2022","+0.00351 ETH","35.30875 ETH","35.31225 ETH","0","0","0","0","0","0","0","0 ETH"
"07 May 2022","+0.00348 ETH","35.30527 ETH","35.30874 ETH","0","0","0","0","0","0","0","0 ETH"
"06 May 2022","+0.00346 ETH","35.30181 ETH","35.30526 ETH","0","0","0","0","0","0","0","0 ETH"
"05 May 2022","+0.00351 ETH","35.29829 ETH","35.30179 ETH","0","0","0","0","0","0","0","0 ETH"
"04 May 2022","+0.00350 ETH","35.29479 ETH","35.29828 ETH","0","0","0","0","0","0","0","0 ETH"
"03 May 2022","+0.00352 ETH","35.29127 ETH","35.29478 ETH","0","0","0","0","0","0","0","0 ETH"
"02 May 2022","+0.00348 ETH","35.28779 ETH","35.29125 ETH","0","0","0","0","0","0","0","0 ETH"
"01 May 2022","+0.00348 ETH","35.2843 ETH","35.28777 ETH","0","0","0","0","0","0","0","0 ETH"
"30 Apr 2022","+0.00353 ETH","35.28076 ETH","35.28428 ETH","0","0","0","0","0","0","0","0 ETH"
"29 Apr 2022","+0.00352 ETH","35.27723 ETH","35.28074 ETH","0","0","0","0","0","0","0","0 ETH"
"28 Apr 2022","+0.00350 ETH","35.27373 ETH","35.27722 ETH","0","0","0","0","0","0","0","0 ETH"
"27 Apr 2022","+0.00354 ETH","35.27018 ETH","35.27371 ETH","0","0","0","0","0","0","0","0 ETH"
"26 Apr 2022","+0.00354 ETH","35.26664 ETH","35.27017 ETH","0","0","0","0","0","0","0","0 ETH"
"25 Apr 2022","+0.00354 ETH","35.26309 ETH","35.26662 ETH","0","0","0","0","0","0","0","0 ETH"
"24 Apr 2022","+0.00357 ETH","35.25952 ETH","35.26308 ETH","0","0","0","0","0","0","0","0 ETH"
"23 Apr 2022","+0.00358 ETH","35.25593 ETH","35.2595 ETH","0","0","0","0","0","0","0","0 ETH"
"22 Apr 2022","+0.00353 ETH","35.2524 ETH","35.25592 ETH","0","0","0","0","0","0","0","0 ETH"
"21 Apr 2022","+0.00358 ETH","35.24881 ETH","35.25238 ETH","0","0","0","0","0","0","0","0 ETH"
"20 Apr 2022","+0.00361 ETH","35.2452 ETH","35.2488 ETH","0","0","0","0","0","0","0","0 ETH"
"19 Apr 2022","+0.00362 ETH","35.24158 ETH","35.24518 ETH","0","0","0","0","0","0","0","0 ETH"
"18 Apr 2022","+0.00361 ETH","35.23796 ETH","35.24156 ETH","0","0","0","0","0","0","0","0 ETH"
"17 Apr 2022","+0.00363 ETH","35.23433 ETH","35.23795 ETH","0","0","0","0","0","0","0","0 ETH"
"16 Apr 2022","+0.00362 ETH","35.2307 ETH","35.23431 ETH","0","0","0","0","0","0","0","0 ETH"
"15 Apr 2022","+0.00364 ETH","35.22706 ETH","35.23069 ETH","0","0","0","0","0","0","0","0 ETH"
"14 Apr 2022","+0.00360 ETH","35.22345 ETH","35.22704 ETH","0","0","0","0","0","0","0","0 ETH"
"13 Apr 2022","+0.00357 ETH","35.21988 ETH","35.22344 ETH","1","0","0","0","0","0","0","0 ETH"
"12 Apr 2022","+0.00366 ETH","35.21621 ETH","35.21986 ETH","0","0","0","0","0","0","0","0 ETH"
"11 Apr 2022","+0.00361 ETH","35.21259 ETH","35.2162 ETH","0","0","0","0","0","0","0","0 ETH"
"10 Apr 2022","+0.00367 ETH","35.20892 ETH","35.21258 ETH","0","0","0","0","0","0","0","0 ETH"
"09 Apr 2022","+0.00362 ETH","35.20529 ETH","35.2089 ETH","0","0","0","0","0","0","0","0 ETH"
"08 Apr 2022","+0.00368 ETH","35.20161 ETH","35.20528 ETH","0","0","0","0","0","0","0","0 ETH"
"07 Apr 2022","+0.00366 ETH","35.19794 ETH","35.2016 ETH","0","0","0","0","0","0","0","0 ETH"
"06 Apr 2022","+0.00369 ETH","35.19425 ETH","35.19793 ETH","0","0","0","0","0","0","0","0 ETH"
"05 Apr 2022","+0.00370 ETH","35.19054 ETH","35.19424 ETH","0","0","0","0","0","0","0","0 ETH"
"04 Apr 2022","+0.00369 ETH","35.18685 ETH","35.19053 ETH","0","0","0","0","0","0","0","0 ETH"
"03 Apr 2022","+0.00372 ETH","35.18312 ETH","35.18683 ETH","0","0","0","0","0","0","0","0 ETH"
"02 Apr 2022","+0.00373 ETH","35.17939 ETH","35.1831 ETH","0","0","0","0","0","0","0","0 ETH"
"01 Apr 2022","+0.00368 ETH","35.1757 ETH","35.17937 ETH","0","0","0","0","0","0","0","0 ETH"
"31 Mar 2022","+0.00372 ETH","35.17197 ETH","35.17568 ETH","0","0","0","0","0","0","0","0 ETH"
"30 Mar 2022","+0.00369 ETH","35.16828 ETH","35.17195 ETH","0","0","0","0","0","0","0","0 ETH"
"29 Mar 2022","+0.00369 ETH","35.16458 ETH","35.16826 ETH","0","0","0","0","0","0","0","0 ETH"
"28 Mar 2022","+0.00362 ETH","35.16096 ETH","35.16456 ETH","3","0","0","0","0","0","0","0 ETH"
"27 Mar 2022","+0.00371 ETH","35.15724 ETH","35.16094 ETH","0","0","0","0","0","0","0","0 ETH"
"26 Mar 2022","+0.00371 ETH","35.15353 ETH","35.15722 ETH","1","0","0","0","0","0","0","0 ETH"
"25 Mar 2022","+0.00366 ETH","35.14986 ETH","35.15351 ETH","3","0","0","0","0","0","0","0 ETH"
"24 Mar 2022","+0.00372 ETH","35.14614 ETH","35.14985 ETH","1","0","0","0","0","0","0","0 ETH"
"23 Mar 2022","+0.00378 ETH","35.14236 ETH","35.14612 ETH","0","0","0","0","0","0","0","0 ETH"
"22 Mar 2022","+0.00375 ETH","35.1386 ETH","35.14234 ETH","0","0","0","0","0","0","0","0 ETH"
"21 Mar 2022","+0.00377 ETH","35.13483 ETH","35.13859 ETH","0","0","0","0","0","0","0","0 ETH"
"20 Mar 2022","+0.00375 ETH","35.13107 ETH","35.13481 ETH","0","0","0","0","0","0","0","0 ETH"
"19 Mar 2022","+0.00374 ETH","35.12733 ETH","35.13106 ETH","0","0","0","0","0","0","0","0 ETH"
"18 Mar 2022","+0.00376 ETH","35.12356 ETH","35.12731 ETH","1","0","0","0","0","0","0","0 ETH"
"17 Mar 2022","+0.00370 ETH","35.11986 ETH","35.12355 ETH","3","0","0","0","0","0","0","0 ETH"
"16 Mar 2022","+0.00379 ETH","35.11606 ETH","35.11984 ETH","0","0","0","0","0","0","0","0 ETH"
"15 Mar 2022","+0.00371 ETH","35.11235 ETH","35.11605 ETH","1","0","0","0","0","0","0","0 ETH"
"14 Mar 2022","+0.00364 ETH","35.10871 ETH","35.11233 ETH","5","0","0","0","0","0","0","0 ETH"
"13 Mar 2022","+0.00379 ETH","35.10492 ETH","35.10869 ETH","0","0","0","0","0","0","0","0 ETH"
"12 Mar 2022","+0.00373 ETH","35.10118 ETH","35.1049 ETH","2","0","0","0","0","0","0","0 ETH"
"11 Mar 2022","+0.00375 ETH","35.09743 ETH","35.10117 ETH","3","0","0","0","0","0","0","0 ETH"
"10 Mar 2022","+0.00376 ETH","35.09366 ETH","35.09741 ETH","2","0","0","0","0","0","0","0 ETH"
"09 Mar 2022","+0.00381 ETH","35.08985 ETH","35.09365 ETH","0","0","0","0","0","0","0","0 ETH"
"08 Mar 2022","+0.00379 ETH","35.08605 ETH","35.08983 ETH","0","0","0","0","0","0","0","0 ETH"
"07 Mar 2022","+0.00383 ETH","35.08221 ETH","35.08603 ETH","0","0","0","0","0","0","0","0 ETH"
"06 Mar 2022","+0.00386 ETH","35.07835 ETH","35.0822 ETH","0","0","0","0","0","0","0","0 ETH"
"05 Mar 2022","+0.00383 ETH","35.07452 ETH","35.07834 ETH","0","0","0","0","0","0","0","0 ETH"
"04 Mar 2022","+0.00386 ETH","35.07065 ETH","35.0745 ETH","0","0","0","0","0","0","0","0 ETH"
"03 Mar 2022","+0.00386 ETH","35.06679 ETH","35.07063 ETH","0","0","0","0","0","0","0","0 ETH"
"02 Mar 2022","+0.00381 ETH","35.06297 ETH","35.06677 ETH","0","0","0","0","0","0","0","0 ETH"
"01 Mar 2022","+0.00386 ETH","35.0591 ETH","35.06296 ETH","0","0","0","0","0","0","0","0 ETH"
"28 Feb 2022","+0.00387 ETH","35.05523 ETH","35.05909 ETH","0","0","0","0","0","0","0","0 ETH"
"27 Feb 2022","+0.00377 ETH","35.05146 ETH","35.05522 ETH","2","0","0","0","0","0","0","0 ETH"
"26 Feb 2022","+0.00390 ETH","35.04755 ETH","35.05144 ETH","0","0","0","0","0","0","0","0 ETH"
"25 Feb 2022","+0.00382 ETH","35.04372 ETH","35.04753 ETH","0","0","0","0","0","0","0","0 ETH"
"24 Feb 2022","+0.00387 ETH","35.03984 ETH","35.0437 ETH","0","0","0","0","0","0","0","0 ETH"
"23 Feb 2022","+0.00389 ETH","35.03595 ETH","35.03982 ETH","0","0","0","0","0","0","0","0 ETH"
"22 Feb 2022","+0.00390 ETH","35.03205 ETH","35.03593 ETH","0","0","0","0","0","0","0","0 ETH"
"21 Feb 2022","+0.00392 ETH","35.02812 ETH","35.03203 ETH","0","0","0","0","0","0","0","0 ETH"
"20 Feb 2022","+0.00392 ETH","35.0242 ETH","35.02811 ETH","0","0","0","0","0","0","0","0 ETH"
"19 Feb 2022","+0.00386 ETH","35.02033 ETH","35.02418 ETH","0","0","0","0","0","0","0","0 ETH"
"18 Feb 2022","+0.00391 ETH","35.01642 ETH","35.02032 ETH","0","0","0","0","0","0","0","0 ETH"
"17 Feb 2022","+0.00388 ETH","35.01253 ETH","35.0164 ETH","0","0","0","0","0","0","0","0 ETH"
"16 Feb 2022","+0.02809 ETH","34.98443 ETH","35.01251 ETH","0","1","0","0","0","0","0","0 ETH"
"15 Feb 2022","+0.00384 ETH","34.98059 ETH","34.98442 ETH","2","0","0","0","0","0","0","0 ETH"
"14 Feb 2022","+0.00315 ETH","34.97744 ETH","34.98057 ETH","25","0","0","0","0","0","0","0 ETH"
"13 Feb 2022","+0.00391 ETH","34.97352 ETH","34.97742 ETH","0","0","0","0","0","0","0","0 ETH"
"12 Feb 2022","+0.00386 ETH","34.96966 ETH","34.97351 ETH","0","0","0","0","0","0","0","0 ETH"
"11 Feb 2022","+0.00392 ETH","34.96573 ETH","34.96964 ETH","0","0","0","0","0","0","0","0 ETH"
"10 Feb 2022","+0.00388 ETH","34.96184 ETH","34.96572 ETH","2","0","0","0","0","0","0","0 ETH"
"09 Feb 2022","+0.00391 ETH","34.95793 ETH","34.96183 ETH","0","0","0","0","0","0","0","0 ETH"
"08 Feb 2022","+0.00393 ETH","34.95399 ETH","34.95791 ETH","0","0","0","0","0","0","0","0 ETH"
"07 Feb 2022","+0.00394 ETH","34.95005 ETH","34.95397 ETH","0","0","0","0","0","0","0","0 ETH"
"06 Feb 2022","+0.00394 ETH","34.9461 ETH","34.95003 ETH","0","0","0","0","0","0","0","0 ETH"
"05 Feb 2022","+0.00393 ETH","34.94216 ETH","34.94608 ETH","0","0","0","0","0","0","0","0 ETH"
"04 Feb 2022","+0.00394 ETH","34.93821 ETH","34.94215 ETH","0","0","0","0","0","0","0","0 ETH"
"03 Feb 2022","+0.00396 ETH","34.93425 ETH","34.9382 ETH","0","0","0","0","0","0","0","0 ETH"
"02 Feb 2022","+0.00392 ETH","34.93033 ETH","34.93423 ETH","0","0","0","0","0","0","0","0 ETH"
"01 Feb 2022","+0.00391 ETH","34.92641 ETH","34.93031 ETH","1","0","0","0","0","0","0","0 ETH"
"31 Jan 2022","+0.00393 ETH","34.92247 ETH","34.92639 ETH","1","0","0","0","0","0","0","0 ETH"
"30 Jan 2022","+0.00397 ETH","34.9185 ETH","34.92245 ETH","0","0","0","0","0","0","0","0 ETH"
"29 Jan 2022","+0.00397 ETH","34.91452 ETH","34.91848 ETH","0","0","0","0","0","0","0","0 ETH"
"28 Jan 2022","+0.00395 ETH","34.91056 ETH","34.9145 ETH","0","0","0","0","0","0","0","0 ETH"
"27 Jan 2022","+0.00397 ETH","34.90659 ETH","34.91055 ETH","0","0","0","0","0","0","0","0 ETH"
"26 Jan 2022","+0.00396 ETH","34.90262 ETH","34.90657 ETH","0","0","0","0","0","0","0","0 ETH"
"25 Jan 2022","+0.00396 ETH","34.89865 ETH","34.9026 ETH","0","0","0","0","0","0","0","0 ETH"
"24 Jan 2022","+0.00399 ETH","34.89466 ETH","34.89863 ETH","0","0","0","0","0","0","0","0 ETH"
"23 Jan 2022","+0.00388 ETH","34.89077 ETH","34.89464 ETH","2","0","0","0","0","0","0","0 ETH"
"22 Jan 2022","+0.00400 ETH","34.88676 ETH","34.89075 ETH","0","0","0","0","0","0","0","0 ETH"
"21 Jan 2022","+0.00398 ETH","34.88278 ETH","34.88675 ETH","0","0","0","0","0","0","0","0 ETH"
"20 Jan 2022","+0.00398 ETH","34.87879 ETH","34.88276 ETH","0","0","0","0","0","0","0","0 ETH"
"19 Jan 2022","+0.00401 ETH","34.87477 ETH","34.87877 ETH","0","0","0","0","0","0","0","0 ETH"
"18 Jan 2022","+0.00396 ETH","34.87081 ETH","34.87475 ETH","1","0","0","0","0","0","0","0 ETH"
"17 Jan 2022","+0.00400 ETH","34.8668 ETH","34.87079 ETH","0","0","0","0","0","0","0","0 ETH"
"16 Jan 2022","+0.00397 ETH","34.86283 ETH","34.86678 ETH","0","0","0","0","0","0","0","0 ETH"
"15 Jan 2022","+0.00395 ETH","34.85887 ETH","34.86281 ETH","2","0","0","0","0","0","0","0 ETH"
"14 Jan 2022","+0.00400 ETH","34.85487 ETH","34.85886 ETH","0","0","0","0","0","0","0","0 ETH"
"13 Jan 2022","+0.00384 ETH","34.85102 ETH","34.85485 ETH","5","0","0","0","0","0","0","0 ETH"
"12 Jan 2022","+0.00404 ETH","34.84698 ETH","34.851 ETH","0","0","0","0","0","0","0","0 ETH"
"11 Jan 2022","+0.00405 ETH","34.84292 ETH","34.84696 ETH","0","0","0","0","0","0","0","0 ETH"
"10 Jan 2022","+0.00401 ETH","34.83891 ETH","34.84291 ETH","0","0","0","0","0","0","0","0 ETH"
"09 Jan 2022","+0.00402 ETH","34.83489 ETH","34.83889 ETH","0","0","0","0","0","0","0","0 ETH"
"08 Jan 2022","+0.00403 ETH","34.83085 ETH","34.83487 ETH","0","0","0","0","0","0","0","0 ETH"
"07 Jan 2022","+0.00403 ETH","34.82682 ETH","34.83083 ETH","0","0","0","0","0","0","0","0 ETH"
"06 Jan 2022","+0.00400 ETH","34.82281 ETH","34.8268 ETH","0","0","0","0","0","0","0","0 ETH"
"05 Jan 2022","+0.00287 ETH","34.81993 ETH","34.82279 ETH","36","0","0","0","0","0","0","0 ETH"
"04 Jan 2022","+0.00399 ETH","34.81595 ETH","34.81992 ETH","0","0","0","0","0","0","0","0 ETH"
"03 Jan 2022","+0.00400 ETH","34.81194 ETH","34.81593 ETH","1","0","0","0","0","0","0","0 ETH"
"02 Jan 2022","+0.00404 ETH","34.80789 ETH","34.81192 ETH","0","0","0","0","0","0","0","0 ETH"
"01 Jan 2022","+0.00406 ETH","34.80382 ETH","34.80787 ETH","0","0","0","0","0","0","0","0 ETH"
"31 Dec 2021","+0.00405 ETH","34.79977 ETH","34.80381 ETH","0","0","0","0","0","0","0","0 ETH"
"30 Dec 2021","+0.02082 ETH","34.77894 ETH","34.79975 ETH","0","1","0","0","0","0","0","0 ETH"
"29 Dec 2021","+0.00405 ETH","34.77489 ETH","34.77893 ETH","0","0","0","0","0","0","0","0 ETH"
"28 Dec 2021","+0.00406 ETH","34.77082 ETH","34.77487 ETH","0","0","0","0","0","0","0","0 ETH"
"27 Dec 2021","+0.00405 ETH","34.76676 ETH","34.7708 ETH","0","0","0","0","0","0","0","0 ETH"
"26 Dec 2021","+0.00403 ETH","34.76272 ETH","34.76674 ETH","0","0","0","0","0","0","0","0 ETH"
"25 Dec 2021","+0.00406 ETH","34.75866 ETH","34.76271 ETH","0","0","0","0","0","0","0","0 ETH"
"24 Dec 2021","+0.00407 ETH","34.75459 ETH","34.75864 ETH","0","0","0","0","0","0","0","0 ETH"
"23 Dec 2021","+0.00409 ETH","34.7505 ETH","34.75457 ETH","0","0","0","0","0","0","0","0 ETH"
"22 Dec 2021","+0.00408 ETH","34.74641 ETH","34.75048 ETH","0","0","0","0","0","0","0","0 ETH"
"21 Dec 2021","+0.00405 ETH","34.74236 ETH","34.74639 ETH","1","0","0","0","0","0","0","0 ETH"
"20 Dec 2021","+0.00406 ETH","34.73829 ETH","34.74234 ETH","0","0","0","0","0","0","0","0 ETH"
"19 Dec 2021","+0.00407 ETH","34.73422 ETH","34.73827 ETH","0","0","0","0","0","0","0","0 ETH"
"18 Dec 2021","+0.00409 ETH","34.73012 ETH","34.7342 ETH","0","0","0","0","0","0","0","0 ETH"
"17 Dec 2021","+0.00410 ETH","34.72602 ETH","34.7301 ETH","0","0","0","0","0","0","0","0 ETH"
"16 Dec 2021","+0.00410 ETH","34.72192 ETH","34.726 ETH","0","0","0","0","0","0","0","0 ETH"
"15 Dec 2021","+0.00405 ETH","34.71787 ETH","34.7219 ETH","1","0","0","0","0","0","0","0 ETH"
"14 Dec 2021","+0.00407 ETH","34.71377 ETH","34.71785 ETH","0","0","0","0","0","0","0","0 ETH"
"13 Dec 2021","+0.00409 ETH","34.70969 ETH","34.71377 ETH","0","0","0","0","0","0","0","0 ETH"
"12 Dec 2021","+0.00410 ETH","34.70559 ETH","34.70968 ETH","0","0","0","0","0","0","0","0 ETH"
"11 Dec 2021","+0.00405 ETH","34.70153 ETH","34.70557 ETH","0","0","0","0","0","0","0","0 ETH"
"10 Dec 2021","+0.00406 ETH","34.69747 ETH","34.70152 ETH","0","0","0","0","0","0","0","0 ETH"
"09 Dec 2021","+0.00407 ETH","34.6934 ETH","34.69746 ETH","0","0","0","0","0","0","0","0 ETH"
"08 Dec 2021","+0.00411 ETH","34.68928 ETH","34.69338 ETH","0","0","0","0","0","0","0","0 ETH"
"07 Dec 2021","+0.00404 ETH","34.68524 ETH","34.68926 ETH","1","0","0","0","0","0","0","0 ETH"
"06 Dec 2021","+0.00405 ETH","34.68118 ETH","34.68522 ETH","0","0","0","0","0","0","0","0 ETH"
"05 Dec 2021","+0.00407 ETH","34.6771 ETH","34.68116 ETH","0","0","0","0","0","0","0","0 ETH"
"04 Dec 2021","+0.00409 ETH","34.67301 ETH","34.67708 ETH","0","0","0","0","0","0","0","0 ETH"
"03 Dec 2021","+0.00408 ETH","34.66892 ETH","34.67299 ETH","0","0","0","0","0","0","0","0 ETH"
"02 Dec 2021","+0.02703 ETH","34.64188 ETH","34.6689 ETH","0","1","0","0","0","0","0","0 ETH"
"01 Dec 2021","+0.00410 ETH","34.63777 ETH","34.64187 ETH","0","0","0","0","0","0","0","0 ETH"
"30 Nov 2021","+0.00412 ETH","34.63365 ETH","34.63776 ETH","0","0","0","0","0","0","0","0 ETH"
"29 Nov 2021","+0.00409 ETH","34.62955 ETH","34.63363 ETH","0","0","0","0","0","0","0","0 ETH"
"28 Nov 2021","+0.00409 ETH","34.62546 ETH","34.62953 ETH","0","0","0","0","0","0","0","0 ETH"
"27 Nov 2021","+0.00409 ETH","34.62136 ETH","34.62544 ETH","0","0","0","0","0","0","0","0 ETH"
"26 Nov 2021","+0.00410 ETH","34.61725 ETH","34.62134 ETH","0","0","0","0","0","0","0","0 ETH"
"25 Nov 2021","+0.00412 ETH","34.61313 ETH","34.61724 ETH","0","0","0","0","0","0","0","0 ETH"
"24 Nov 2021","+0.00409 ETH","34.60904 ETH","34.61312 ETH","1","0","0","0","0","0","0","0 ETH"
"23 Nov 2021","+0.00414 ETH","34.60489 ETH","34.60902 ETH","0","0","0","0","0","0","0","0 ETH"
"22 Nov 2021","+0.00414 ETH","34.60074 ETH","34.60487 ETH","0","0","0","0","0","0","0","0 ETH"
"21 Nov 2021","+0.00408 ETH","34.59666 ETH","34.60072 ETH","0","0","0","0","0","0","0","0 ETH"
"20 Nov 2021","+0.00410 ETH","34.59255 ETH","34.59664 ETH","0","0","0","0","0","0","0","0 ETH"
"19 Nov 2021","+0.00413 ETH","34.58842 ETH","34.59253 ETH","0","0","0","0","0","0","0","0 ETH"
"18 Nov 2021","+0.00414 ETH","34.58427 ETH","34.5884 ETH","0","0","0","0","0","0","0","0 ETH"
"17 Nov 2021","+0.00415 ETH","34.58011 ETH","34.58425 ETH","0","0","0","0","0","0","0","0 ETH"
"16 Nov 2021","+0.00417 ETH","34.57593 ETH","34.58009 ETH","0","0","0","0","0","0","0","0 ETH"
"15 Nov 2021","+0.00413 ETH","34.5718 ETH","34.57592 ETH","0","0","0","0","0","0","0","0 ETH"
"14 Nov 2021","+0.00416 ETH","34.56764 ETH","34.57178 ETH","0","0","0","0","0","0","0","0 ETH"
"13 Nov 2021","+0.00410 ETH","34.56353 ETH","34.56762 ETH","0","0","0","0","0","0","0","0 ETH"
"12 Nov 2021","+0.02676 ETH","34.53676 ETH","34.56351 ETH","0","1","0","0","0","0","0","0 ETH"
"11 Nov 2021","+0.00418 ETH","34.53258 ETH","34.53674 ETH","0","0","0","0","0","0","0","0 ETH"
"10 Nov 2021","+0.00415 ETH","34.52842 ETH","34.53256 ETH","0","0","0","0","0","0","0","0 ETH"
"09 Nov 2021","+0.00420 ETH","34.52421 ETH","34.5284 ETH","0","0","0","0","0","0","0","0 ETH"
"08 Nov 2021","+0.00414 ETH","34.52007 ETH","34.52419 ETH","0","0","0","0","0","0","0","0 ETH"
"07 Nov 2021","+0.00418 ETH","34.51588 ETH","34.52005 ETH","0","0","0","0","0","0","0","0 ETH"
"06 Nov 2021","+0.00420 ETH","34.51167 ETH","34.51586 ETH","0","0","0","0","0","0","0","0 ETH"
"05 Nov 2021","+0.00422 ETH","34.50745 ETH","34.51166 ETH","0","0","0","0","0","0","0","0 ETH"
"04 Nov 2021","+0.02665 ETH","34.4808 ETH","34.50743 ETH","0","1","0","0","0","0","0","0 ETH"
"03 Nov 2021","+0.00422 ETH","34.47657 ETH","34.48078 ETH","0","0","0","0","0","0","0","0 ETH"
"02 Nov 2021","+0.00424 ETH","34.47232 ETH","34.47655 ETH","0","0","0","0","0","0","0","0 ETH"
"01 Nov 2021","+0.00423 ETH","34.46809 ETH","34.4723 ETH","0","0","0","0","0","0","0","0 ETH"
"31 Oct 2021","+0.00423 ETH","34.46386 ETH","34.46807 ETH","0","0","0","0","0","0","0","0 ETH"
"30 Oct 2021","+0.00424 ETH","34.45961 ETH","34.46384 ETH","0","0","0","0","0","0","0","0 ETH"
"29 Oct 2021","+0.00419 ETH","34.45541 ETH","34.45959 ETH","0","0","0","0","0","0","0","0 ETH"
"28 Oct 2021","+0.00420 ETH","34.45121 ETH","34.45539 ETH","0","0","0","0","0","0","0","0 ETH"
"27 Oct 2021","+0.00396 ETH","34.44724 ETH","34.45119 ETH","0","0","0","0","0","0","0","0 ETH"
"26 Oct 2021","+0.00487 ETH","34.44236 ETH","34.44722 ETH","0","0","0","0","0","0","0","0 ETH"
"25 Oct 2021","+0.00489 ETH","34.43747 ETH","34.44234 ETH","0","0","0","0","0","0","0","0 ETH"
"24 Oct 2021","+0.01043 ETH","34.42703 ETH","34.43745 ETH","0","1","0","0","0","0","0","0 ETH"
"23 Oct 2021","+0.00490 ETH","34.42213 ETH","34.42701 ETH","0","0","0","0","0","0","0","0 ETH"
"22 Oct 2021","+0.00490 ETH","34.41722 ETH","34.4221 ETH","0","0","0","0","0","0","0","0 ETH"
"21 Oct 2021","+0.00487 ETH","34.41235 ETH","34.4172 ETH","0","0","0","0","0","0","0","0 ETH"
"20 Oct 2021","+0.00492 ETH","34.40743 ETH","34.41233 ETH","0","0","0","0","0","0","0","0 ETH"
"19 Oct 2021","+0.00487 ETH","34.40255 ETH","34.4074 ETH","0","0","0","0","0","0","0","0 ETH"
"18 Oct 2021","+0.00485 ETH","34.39769 ETH","34.40253 ETH","0","0","0","0","0","0","0","0 ETH"
"17 Oct 2021","+0.00477 ETH","34.39291 ETH","34.39767 ETH","1","0","0","0","0","0","0","0 ETH"
"16 Oct 2021","+0.00478 ETH","34.38813 ETH","34.39289 ETH","0","0","0","0","0","0","0","0 ETH"
"15 Oct 2021","+0.00489 ETH","34.38323 ETH","34.3881 ETH","0","0","0","0","0","0","0","0 ETH"
"14 Oct 2021","+0.00487 ETH","34.37835 ETH","34.38321 ETH","0","0","0","0","0","0","0","0 ETH"
"13 Oct 2021","+0.00488 ETH","34.37347 ETH","34.37833 ETH","0","0","0","0","0","0","0","0 ETH"
"12 Oct 2021","+0.00491 ETH","34.36855 ETH","34.37344 ETH","0","0","0","0","0","0","0","0 ETH"
"11 Oct 2021","+0.00482 ETH","34.36373 ETH","34.36854 ETH","0","0","0","0","0","0","0","0 ETH"
"10 Oct 2021","+0.00487 ETH","34.35886 ETH","34.36371 ETH","0","0","0","0","0","0","0","0 ETH"
"09 Oct 2021","+0.00490 ETH","34.35395 ETH","34.35884 ETH","0","0","0","0","0","0","0","0 ETH"
"08 Oct 2021","+0.00487 ETH","34.34908 ETH","34.35393 ETH","0","0","0","0","0","0","0","0 ETH"
"07 Oct 2021","+0.00490 ETH","34.34417 ETH","34.34906 ETH","0","0","0","0","0","0","0","0 ETH"
"06 Oct 2021","+0.00493 ETH","34.33924 ETH","34.34415 ETH","0","0","0","0","0","0","0","0 ETH"
"05 Oct 2021","+0.00489 ETH","34.33434 ETH","34.33922 ETH","0","0","0","0","0","0","0","0 ETH"
"04 Oct 2021","+0.00490 ETH","34.32943 ETH","34.33432 ETH","1","0","0","0","0","0","0","0 ETH"
"03 Oct 2021","+0.00494 ETH","34.32449 ETH","34.32941 ETH","0","0","0","0","0","0","0","0 ETH"
"02 Oct 2021","+0.00492 ETH","34.31956 ETH","34.32446 ETH","0","0","0","0","0","0","0","0 ETH"
"01 Oct 2021","+0.00497 ETH","34.31459 ETH","34.31954 ETH","0","0","0","0","0","0","0","0 ETH"
"30 Sep 2021","+0.00490 ETH","34.30969 ETH","34.31456 ETH","1","0","0","0","0","0","0","0 ETH"
"29 Sep 2021","+0.00494 ETH","34.30474 ETH","34.30966 ETH","0","0","0","0","0","0","0","0 ETH"
"28 Sep 2021","+0.00497 ETH","34.29977 ETH","34.30471 ETH","0","0","0","0","0","0","0","0 ETH"
"27 Sep 2021","+0.00499 ETH","34.29477 ETH","34.29974 ETH","0","0","0","0","0","0","0","0 ETH"
"26 Sep 2021","+0.00493 ETH","34.28984 ETH","34.29475 ETH","0","0","0","0","0","0","0","0 ETH"
"25 Sep 2021","+0.00495 ETH","34.28489 ETH","34.28982 ETH","0","0","0","0","0","0","0","0 ETH"
"24 Sep 2021","+0.00497 ETH","34.27991 ETH","34.28486 ETH","0","0","0","0","0","0","0","0 ETH"
"23 Sep 2021","+0.00493 ETH","34.27497 ETH","34.27988 ETH","0","0","0","0","0","0","0","0 ETH"
"22 Sep 2021","+0.00500 ETH","34.26996 ETH","34.27494 ETH","0","0","0","0","0","0","0","0 ETH"
"21 Sep 2021","+0.00497 ETH","34.26498 ETH","34.26994 ETH","0","0","0","0","0","0","0","0 ETH"
"20 Sep 2021","+0.00499 ETH","34.25999 ETH","34.26496 ETH","0","0","0","0","0","0","0","0 ETH"
"19 Sep 2021","+0.00497 ETH","34.25502 ETH","34.25997 ETH","0","0","0","0","0","0","0","0 ETH"
"18 Sep 2021","+0.00500 ETH","34.25001 ETH","34.25499 ETH","0","0","0","0","0","0","0","0 ETH"
"17 Sep 2021","+0.00498 ETH","34.24502 ETH","34.25 ETH","0","0","0","0","0","0","0","0 ETH"
"16 Sep 2021","+0.00501 ETH","34.24001 ETH","34.245 ETH","0","0","0","0","0","0","0","0 ETH"
"15 Sep 2021","+0.01029 ETH","34.22971 ETH","34.23998 ETH","2","1","0","0","0","0","0","0 ETH"
"14 Sep 2021","+0.00499 ETH","34.22472 ETH","34.22969 ETH","0","0","0","0","0","0","0","0 ETH"
"13 Sep 2021","+0.00496 ETH","34.21975 ETH","34.2247 ETH","0","0","0","0","0","0","0","0 ETH"
"12 Sep 2021","+0.00505 ETH","34.2147 ETH","34.21973 ETH","0","0","0","0","0","0","0","0 ETH"
"11 Sep 2021","+0.00505 ETH","34.20965 ETH","34.21468 ETH","0","0","0","0","0","0","0","0 ETH"
"10 Sep 2021","+0.00502 ETH","34.20462 ETH","34.20963 ETH","0","0","0","0","0","0","0","0 ETH"
"09 Sep 2021","+0.00508 ETH","34.19954 ETH","34.2046 ETH","0","0","0","0","0","0","0","0 ETH"
"08 Sep 2021","+0.00506 ETH","34.19448 ETH","34.19952 ETH","0","0","0","0","0","0","0","0 ETH"
"07 Sep 2021","+0.00502 ETH","34.18946 ETH","34.19446 ETH","0","0","0","0","0","0","0","0 ETH"
"06 Sep 2021","+0.00507 ETH","34.18438 ETH","34.18944 ETH","0","0","0","0","0","0","0","0 ETH"
"05 Sep 2021","+0.00513 ETH","34.17925 ETH","34.18436 ETH","0","0","0","0","0","0","0","0 ETH"
"04 Sep 2021","+0.00514 ETH","34.17411 ETH","34.17923 ETH","0","0","0","0","0","0","0","0 ETH"
"03 Sep 2021","+0.00511 ETH","34.16899 ETH","34.17408 ETH","1","0","0","0","0","0","0","0 ETH"
"02 Sep 2021","+0.00514 ETH","34.16384 ETH","34.16897 ETH","0","0","0","0","0","0","0","0 ETH"
"01 Sep 2021","+0.00513 ETH","34.15871 ETH","34.16382 ETH","0","0","0","0","0","0","0","0 ETH"
"31 Aug 2021","+0.00513 ETH","34.15357 ETH","34.15868 ETH","0","0","0","0","0","0","0","0 ETH"
"30 Aug 2021","+0.00514 ETH","34.14843 ETH","34.15355 ETH","0","0","0","0","0","0","0","0 ETH"
"29 Aug 2021","+0.00518 ETH","34.14324 ETH","34.1484 ETH","0","0","0","0","0","0","0","0 ETH"
"28 Aug 2021","+0.00515 ETH","34.13808 ETH","34.14321 ETH","0","0","0","0","0","0","0","0 ETH"
"27 Aug 2021","+0.00523 ETH","34.13285 ETH","34.13806 ETH","0","0","0","0","0","0","0","0 ETH"
"26 Aug 2021","+0.00516 ETH","34.12769 ETH","34.13282 ETH","0","0","0","0","0","0","0","0 ETH"
"25 Aug 2021","+0.00515 ETH","34.12253 ETH","34.12766 ETH","0","0","0","0","0","0","0","0 ETH"
"24 Aug 2021","+0.00526 ETH","34.11726 ETH","34.1225 ETH","0","0","0","0","0","0","0","0 ETH"
"23 Aug 2021","+0.00525 ETH","34.11201 ETH","34.11724 ETH","0","0","0","0","0","0","0","0 ETH"
"22 Aug 2021","+0.00527 ETH","34.10673 ETH","34.11199 ETH","0","0","0","0","0","0","0","0 ETH"
"21 Aug 2021","+0.00527 ETH","34.10146 ETH","34.10671 ETH","0","0","0","0","0","0","0","0 ETH"
"20 Aug 2021","+0.00525 ETH","34.0962 ETH","34.10144 ETH","0","0","0","0","0","0","0","0 ETH"
"19 Aug 2021","+0.00522 ETH","34.09098 ETH","34.09618 ETH","0","0","0","0","0","0","0","0 ETH"
"18 Aug 2021","+0.00530 ETH","34.08567 ETH","34.09095 ETH","0","0","0","0","0","0","0","0 ETH"
"17 Aug 2021","+0.00526 ETH","34.0804 ETH","34.08564 ETH","1","0","0","0","0","0","0","0 ETH"
"16 Aug 2021","+0.00526 ETH","34.07514 ETH","34.08038 ETH","2","0","0","0","0","0","0","0 ETH"
"15 Aug 2021","+0.01047 ETH","34.06467 ETH","34.07512 ETH","0","1","0","0","0","0","0","0 ETH"
"14 Aug 2021","+0.00536 ETH","34.0593 ETH","34.06464 ETH","0","0","0","0","0","0","0","0 ETH"
"13 Aug 2021","+0.00539 ETH","34.05391 ETH","34.05927 ETH","0","0","0","0","0","0","0","0 ETH"
"12 Aug 2021","+0.00537 ETH","34.04853 ETH","34.05388 ETH","0","0","0","0","0","0","0","0 ETH"
"11 Aug 2021","+0.00537 ETH","34.04316 ETH","34.04851 ETH","0","0","0","0","0","0","0","0 ETH"
"10 Aug 2021","+0.00540 ETH","34.03775 ETH","34.04313 ETH","0","0","0","0","0","0","0","0 ETH"
"09 Aug 2021","+0.01043 ETH","34.02732 ETH","34.03773 ETH","0","1","0","0","0","0","0","0 ETH"
"08 Aug 2021","+0.00538 ETH","34.02194 ETH","34.02729 ETH","0","0","0","0","0","0","0","0 ETH"
"07 Aug 2021","+0.00532 ETH","34.01661 ETH","34.02191 ETH","1","0","0","0","0","0","0","0 ETH"
"06 Aug 2021","+0.00541 ETH","34.01119 ETH","34.01658 ETH","0","0","0","0","0","0","0","0 ETH"
"05 Aug 2021","+0.00546 ETH","34.00573 ETH","34.01117 ETH","0","0","0","0","0","0","0","0 ETH"
"04 Aug 2021","+0.00540 ETH","34.00032 ETH","34.0057 ETH","1","0","0","0","0","0","0","0 ETH"
"03 Aug 2021","+0.00542 ETH","33.99489 ETH","34.0003 ETH","0","0","0","0","0","0","0","0 ETH"
"02 Aug 2021","+0.00545 ETH","33.98944 ETH","33.99487 ETH","0","0","0","0","0","0","0","0 ETH"
"01 Aug 2021","+0.00545 ETH","33.98399 ETH","33.98942 ETH","0","0","0","0","0","0","0","0 ETH"
"31 Jul 2021","+0.00549 ETH","33.9785 ETH","33.98396 ETH","0","0","0","0","0","0","0","0 ETH"
"30 Jul 2021","+0.00546 ETH","33.97303 ETH","33.97847 ETH","0","0","0","0","0","0","0","0 ETH"
"29 Jul 2021","+0.00544 ETH","33.96759 ETH","33.97301 ETH","0","0","0","0","0","0","0","0 ETH"
"28 Jul 2021","+0.00549 ETH","33.9621 ETH","33.96757 ETH","0","0","0","0","0","0","0","0 ETH"
"27 Jul 2021","+0.00550 ETH","33.95659 ETH","33.96208 ETH","0","0","0","0","0","0","0","0 ETH"
"26 Jul 2021","+0.00553 ETH","33.95106 ETH","33.95657 ETH","0","0","0","0","0","0","0","0 ETH"
"25 Jul 2021","+0.00551 ETH","33.94554 ETH","33.95104 ETH","0","0","0","0","0","0","0","0 ETH"
"24 Jul 2021","+0.00551 ETH","33.94002 ETH","33.94552 ETH","0","0","0","0","0","0","0","0 ETH"
"23 Jul 2021","+0.00457 ETH","33.93545 ETH","33.94 ETH","21","0","0","0","0","0","0","0 ETH"
"22 Jul 2021","-0.00433 ETH","33.93978 ETH","33.93547 ETH","225","0","0","0","0","0","0","0 ETH"
"21 Jul 2021","-0.00433 ETH","33.94412 ETH","33.9398 ETH","225","0","0","0","0","0","0","0 ETH"
"20 Jul 2021","+0.00331 ETH","33.9408 ETH","33.94414 ETH","52","0","0","0","0","0","0","0 ETH"
"19 Jul 2021","+0.00555 ETH","33.93525 ETH","33.94078 ETH","0","0","0","0","0","0","0","0 ETH"
"18 Jul 2021","+0.00557 ETH","33.92967 ETH","33.93523 ETH","0","0","0","0","0","0","0","0 ETH"
"17 Jul 2021","+0.01050 ETH","33.91916 ETH","33.92965 ETH","0","1","0","0","0","0","0","0 ETH"
"16 Jul 2021","+0.00560 ETH","33.91356 ETH","33.91914 ETH","0","0","0","0","0","0","0","0 ETH"
"15 Jul 2021","+0.00559 ETH","33.90797 ETH","33.91353 ETH","0","0","0","0","0","0","0","0 ETH"
"14 Jul 2021","+0.00556 ETH","33.90241 ETH","33.90794 ETH","0","0","0","0","0","0","0","0 ETH"
"13 Jul 2021","+0.00559 ETH","33.89681 ETH","33.90238 ETH","0","0","0","0","0","0","0","0 ETH"
"12 Jul 2021","+0.00566 ETH","33.89114 ETH","33.89678 ETH","0","0","0","0","0","0","0","0 ETH"
"11 Jul 2021","+0.00558 ETH","33.88556 ETH","33.89111 ETH","0","0","0","0","0","0","0","0 ETH"
"10 Jul 2021","+0.00568 ETH","33.87987 ETH","33.88553 ETH","0","0","0","0","0","0","0","0 ETH"
"09 Jul 2021","+0.00569 ETH","33.87418 ETH","33.87984 ETH","0","0","0","0","0","0","0","0 ETH"
"08 Jul 2021","+0.00569 ETH","33.86848 ETH","33.87415 ETH","0","0","0","0","0","0","0","0 ETH"
"07 Jul 2021","+0.00569 ETH","33.86279 ETH","33.86846 ETH","0","0","0","0","0","0","0","0 ETH"
"06 Jul 2021","+0.00571 ETH","33.85708 ETH","33.86277 ETH","0","0","0","0","0","0","0","0 ETH"
"05 Jul 2021","+0.00575 ETH","33.85132 ETH","33.85705 ETH","0","0","0","0","0","0","0","0 ETH"
"04 Jul 2021","+0.00568 ETH","33.84564 ETH","33.8513 ETH","0","0","0","0","0","0","0","0 ETH"
"03 Jul 2021","+0.00573 ETH","33.8399 ETH","33.84561 ETH","0","0","0","0","0","0","0","0 ETH"
"02 Jul 2021","+0.00579 ETH","33.83411 ETH","33.83989 ETH","0","0","0","0","0","0","0","0 ETH"
"01 Jul 2021","+0.00580 ETH","33.8283 ETH","33.83408 ETH","0","0","0","0","0","0","0","0 ETH"
"30 Jun 2021","+0.00579 ETH","33.8225 ETH","33.82827 ETH","0","0","0","0","0","0","0","0 ETH"
"29 Jun 2021","+0.00575 ETH","33.81674 ETH","33.82248 ETH","1","0","0","0","0","0","0","0 ETH"
"28 Jun 2021","+0.00584 ETH","33.8109 ETH","33.81672 ETH","0","0","0","0","0","0","0","0 ETH"
"27 Jun 2021","+0.00587 ETH","33.80503 ETH","33.81087 ETH","0","0","0","0","0","0","0","0 ETH"
"26 Jun 2021","+0.00586 ETH","33.79916 ETH","33.805 ETH","0","0","0","0","0","0","0","0 ETH"
"25 Jun 2021","+0.00588 ETH","33.79328 ETH","33.79913 ETH","0","0","0","0","0","0","0","0 ETH"
"24 Jun 2021","+0.00585 ETH","33.78742 ETH","33.79325 ETH","1","0","0","0","0","0","0","0 ETH"
"23 Jun 2021","+0.00590 ETH","33.78152 ETH","33.78739 ETH","0","0","0","0","0","0","0","0 ETH"
"22 Jun 2021","+0.00594 ETH","33.77557 ETH","33.78149 ETH","0","0","0","0","0","0","0","0 ETH"
"21 Jun 2021","+0.00595 ETH","33.76962 ETH","33.77555 ETH","0","0","0","0","0","0","0","0 ETH"
"20 Jun 2021","+0.00595 ETH","33.76366 ETH","33.76959 ETH","0","0","0","0","0","0","0","0 ETH"
"19 Jun 2021","+0.00591 ETH","33.75774 ETH","33.76363 ETH","0","0","0","0","0","0","0","0 ETH"
"18 Jun 2021","+0.00597 ETH","33.75177 ETH","33.75771 ETH","0","0","0","0","0","0","0","0 ETH"
"17 Jun 2021","+0.00599 ETH","33.74577 ETH","33.75174 ETH","0","0","0","0","0","0","0","0 ETH"
"16 Jun 2021","+0.00574 ETH","33.74003 ETH","33.74575 ETH","4","0","0","0","0","0","0","0 ETH"
"15 Jun 2021","+0.01057 ETH","33.72946 ETH","33.74 ETH","0","1","0","0","0","0","0","0 ETH"
"14 Jun 2021","+0.00600 ETH","33.72345 ETH","33.72943 ETH","0","0","0","0","0","0","0","0 ETH"
"13 Jun 2021","+0.00607 ETH","33.71738 ETH","33.72343 ETH","0","0","0","0","0","0","0","0 ETH"
"12 Jun 2021","+0.00609 ETH","33.71128 ETH","33.71735 ETH","0","0","0","0","0","0","0","0 ETH"
"11 Jun 2021","+0.00610 ETH","33.70518 ETH","33.71125 ETH","0","0","0","0","0","0","0","0 ETH"
"10 Jun 2021","+0.00612 ETH","33.69905 ETH","33.70515 ETH","0","0","0","0","0","0","0","0 ETH"
"09 Jun 2021","+0.00604 ETH","33.69301 ETH","33.69903 ETH","1","0","0","0","0","0","0","0 ETH"
"08 Jun 2021","+0.00614 ETH","33.68686 ETH","33.69298 ETH","0","0","0","0","0","0","0","0 ETH"
"07 Jun 2021","+0.00617 ETH","33.68069 ETH","33.68684 ETH","0","0","0","0","0","0","0","0 ETH"
"06 Jun 2021","+0.00619 ETH","33.67449 ETH","33.68066 ETH","0","0","0","0","0","0","0","0 ETH"
"05 Jun 2021","+0.00620 ETH","33.66829 ETH","33.67446 ETH","0","0","0","0","0","0","0","0 ETH"
"04 Jun 2021","+0.00621 ETH","33.66207 ETH","33.66826 ETH","0","0","0","0","0","0","0","0 ETH"
"03 Jun 2021","+0.00625 ETH","33.65581 ETH","33.66204 ETH","0","0","0","0","0","0","0","0 ETH"
"02 Jun 2021","+0.00614 ETH","33.64967 ETH","33.65579 ETH","1","0","0","0","0","0","0","0 ETH"
"01 Jun 2021","+0.00623 ETH","33.64343 ETH","33.64964 ETH","0","0","0","0","0","0","0","0 ETH"
"31 May 2021","+0.00632 ETH","33.6371 ETH","33.6434 ETH","0","0","0","0","0","0","0","0 ETH"
"30 May 2021","+0.00630 ETH","33.6308 ETH","33.63708 ETH","0","0","0","0","0","0","0","0 ETH"
"29 May 2021","+0.00634 ETH","33.62446 ETH","33.63077 ETH","0","0","0","0","0","0","0","0 ETH"
"28 May 2021","+0.00637 ETH","33.61808 ETH","33.62443 ETH","0","0","0","0","0","0","0","0 ETH"
"27 May 2021","+0.00638 ETH","33.61169 ETH","33.61805 ETH","0","0","0","0","0","0","0","0 ETH"
"26 May 2021","+0.00615 ETH","33.60554 ETH","33.61166 ETH","4","0","0","0","0","0","0","0 ETH"
"25 May 2021","+0.01067 ETH","33.59486 ETH","33.60551 ETH","0","1","0","0","0","0","0","0 ETH"
"24 May 2021","+0.00645 ETH","33.5884 ETH","33.59483 ETH","0","0","0","0","0","0","0","0 ETH"
"23 May 2021","+0.00645 ETH","33.58195 ETH","33.58837 ETH","0","0","0","0","0","0","0","0 ETH"
"22 May 2021","+0.00647 ETH","33.57547 ETH","33.58192 ETH","0","0","0","0","0","0","0","0 ETH"
"21 May 2021","+0.00651 ETH","33.56896 ETH","33.57544 ETH","0","0","0","0","0","0","0","0 ETH"
"20 May 2021","+0.00654 ETH","33.56241 ETH","33.56893 ETH","0","0","0","0","0","0","0","0 ETH"
"19 May 2021","+0.00651 ETH","33.55589 ETH","33.56238 ETH","0","0","0","0","0","0","0","0 ETH"
"18 May 2021","+0.00655 ETH","33.54934 ETH","33.55586 ETH","0","0","0","0","0","0","0","0 ETH"
"17 May 2021","+0.00659 ETH","33.54275 ETH","33.54931 ETH","0","0","0","0","0","0","0","0 ETH"
"16 May 2021","+0.00662 ETH","33.53612 ETH","33.54272 ETH","0","0","0","0","0","0","0","0 ETH"
"15 May 2021","+0.00662 ETH","33.52949 ETH","33.53609 ETH","0","0","0","0","0","0","0","0 ETH"
"14 May 2021","+0.00662 ETH","33.52287 ETH","33.52947 ETH","0","0","0","0","0","0","0","0 ETH"
"13 May 2021","+0.00663 ETH","33.51623 ETH","33.52284 ETH","0","0","0","0","0","0","0","0 ETH"
"12 May 2021","+0.00671 ETH","33.50952 ETH","33.5162 ETH","0","0","0","0","0","0","0","0 ETH"
"11 May 2021","+0.00668 ETH","33.50283 ETH","33.50949 ETH","1","0","0","0","0","0","0","0 ETH"
"10 May 2021","+0.00673 ETH","33.49609 ETH","33.5028 ETH","0","0","0","0","0","0","0","0 ETH"
"09 May 2021","+0.01083 ETH","33.48526 ETH","33.49606 ETH","0","1","0","0","0","0","0","0 ETH"
"08 May 2021","+0.00670 ETH","33.47855 ETH","33.48523 ETH","1","0","0","0","0","0","0","0 ETH"
"07 May 2021","+0.00681 ETH","33.47173 ETH","33.47852 ETH","0","0","0","0","0","0","0","0 ETH"
"06 May 2021","+0.00683 ETH","33.4649 ETH","33.4717 ETH","0","0","0","0","0","0","0","0 ETH"
"05 May 2021","+0.00683 ETH","33.45806 ETH","33.46487 ETH","0","0","0","0","0","0","0","0 ETH"
"04 May 2021","+0.00681 ETH","33.45125 ETH","33.45803 ETH","1","0","0","0","0","0","0","0 ETH"
"03 May 2021","+0.00690 ETH","33.44434 ETH","33.45121 ETH","0","0","0","0","0","0","0","0 ETH"
"02 May 2021","+0.01091 ETH","33.43342 ETH","33.44431 ETH","0","1","0","0","0","0","0","0 ETH"
"01 May 2021","+0.00694 ETH","33.42648 ETH","33.43339 ETH","0","0","0","0","0","0","0","0 ETH"
"30 Apr 2021","+0.00693 ETH","33.41954 ETH","33.42645 ETH","0","0","0","0","0","0","0","0 ETH"
"29 Apr 2021","+0.00696 ETH","33.41258 ETH","33.41951 ETH","0","0","0","0","0","0","0","0 ETH"
"28 Apr 2021","+0.00691 ETH","33.40566 ETH","33.41255 ETH","0","0","0","0","0","0","0","0 ETH"
"27 Apr 2021","+0.00697 ETH","33.39868 ETH","33.40563 ETH","0","0","0","0","0","0","0","0 ETH"
"26 Apr 2021","+0.00671 ETH","33.39197 ETH","33.39865 ETH","5","0","0","0","0","0","0","0 ETH"
"25 Apr 2021","+0.00702 ETH","33.38494 ETH","33.39193 ETH","0","0","0","0","0","0","0","0 ETH"
"24 Apr 2021","+0.00695 ETH","33.37798 ETH","33.38491 ETH","0","0","0","0","0","0","0","0 ETH"
"23 Apr 2021","+0.01070 ETH","33.36727 ETH","33.37795 ETH","2","1","0","0","0","0","0","0 ETH"
"22 Apr 2021","+0.00702 ETH","33.36025 ETH","33.36724 ETH","0","0","0","0","0","0","0","0 ETH"
"21 Apr 2021","+0.01099 ETH","33.34926 ETH","33.36022 ETH","0","1","0","0","0","0","0","0 ETH"
"20 Apr 2021","+0.00704 ETH","33.34221 ETH","33.34923 ETH","0","0","0","0","0","0","0","0 ETH"
"19 Apr 2021","+0.00710 ETH","33.33511 ETH","33.34218 ETH","0","0","0","0","0","0","0","0 ETH"
"18 Apr 2021","+0.00709 ETH","33.32801 ETH","33.33508 ETH","0","0","0","0","0","0","0","0 ETH"
"17 Apr 2021","+0.00706 ETH","33.32094 ETH","33.32798 ETH","0","0","0","0","0","0","0","0 ETH"
"16 Apr 2021","+0.00697 ETH","33.31397 ETH","33.32091 ETH","2","0","0","0","0","0","0","0 ETH"
"15 Apr 2021","+0.00712 ETH","33.30684 ETH","33.31393 ETH","0","0","0","0","0","0","0","0 ETH"
"14 Apr 2021","+0.01100 ETH","33.29583 ETH","33.30681 ETH","0","1","0","0","0","0","0","0 ETH"
"13 Apr 2021","+0.00704 ETH","33.28879 ETH","33.2958 ETH","0","0","0","0","0","0","0","0 ETH"
"12 Apr 2021","+0.00715 ETH","33.28163 ETH","33.28876 ETH","0","0","0","0","0","0","0","0 ETH"
"11 Apr 2021","+0.00713 ETH","33.27449 ETH","33.2816 ETH","0","0","0","0","0","0","0","0 ETH"
"10 Apr 2021","+0.00713 ETH","33.26736 ETH","33.27446 ETH","0","0","0","0","0","0","0","0 ETH"
"09 Apr 2021","+0.00715 ETH","33.2602 ETH","33.26733 ETH","0","0","0","0","0","0","0","0 ETH"
"08 Apr 2021","+0.00668 ETH","33.25351 ETH","33.26017 ETH","8","0","0","0","0","0","0","0 ETH"
"07 Apr 2021","+0.00707 ETH","33.24644 ETH","33.25348 ETH","0","0","0","0","0","0","0","0 ETH"
"06 Apr 2021","+0.00721 ETH","33.23922 ETH","33.24641 ETH","0","0","0","0","0","0","0","0 ETH"
"05 Apr 2021","+0.00724 ETH","33.23197 ETH","33.23919 ETH","0","0","0","0","0","0","0","0 ETH"
"04 Apr 2021","+0.00730 ETH","33.22467 ETH","33.23194 ETH","0","0","0","0","0","0","0","0 ETH"
"03 Apr 2021","+0.00732 ETH","33.21734 ETH","33.22463 ETH","0","0","0","0","0","0","0","0 ETH"
"02 Apr 2021","+0.00730 ETH","33.21004 ETH","33.21731 ETH","0","0","0","0","0","0","0","0 ETH"
"01 Apr 2021","+0.00731 ETH","33.20272 ETH","33.21001 ETH","0","0","0","0","0","0","0","0 ETH"
"31 Mar 2021","+0.00735 ETH","33.19537 ETH","33.20269 ETH","0","0","0","0","0","0","0","0 ETH"
"30 Mar 2021","+0.00736 ETH","33.18801 ETH","33.19534 ETH","0","0","0","0","0","0","0","0 ETH"
"29 Mar 2021","+0.00735 ETH","33.18065 ETH","33.18797 ETH","0","0","0","0","0","0","0","0 ETH"
"28 Mar 2021","+0.00738 ETH","33.17327 ETH","33.18062 ETH","0","0","0","0","0","0","0","0 ETH"
"27 Mar 2021","+0.00740 ETH","33.16587 ETH","33.17324 ETH","0","0","0","0","0","0","0","0 ETH"
"26 Mar 2021","+0.00740 ETH","33.15847 ETH","33.16583 ETH","0","0","0","0","0","0","0","0 ETH"
"25 Mar 2021","+0.00733 ETH","33.15113 ETH","33.15843 ETH","1","0","0","0","0","0","0","0 ETH"
"24 Mar 2021","+0.00487 ETH","33.14625 ETH","33.1511 ETH","43","0","0","0","0","0","0","0 ETH"
"23 Mar 2021","+0.00739 ETH","33.13886 ETH","33.14622 ETH","0","0","0","0","0","0","0","0 ETH"
"22 Mar 2021","+0.00733 ETH","33.13152 ETH","33.13882 ETH","1","0","0","0","0","0","0","0 ETH"
"21 Mar 2021","+0.00722 ETH","33.12429 ETH","33.13148 ETH","2","0","0","0","0","0","0","0 ETH"
"20 Mar 2021","+0.00737 ETH","33.11692 ETH","33.12426 ETH","0","0","0","0","0","0","0","0 ETH"
"19 Mar 2021","+0.00727 ETH","33.10964 ETH","33.11688 ETH","1","0","0","0","0","0","0","0 ETH"
"18 Mar 2021","+0.00734 ETH","33.10229 ETH","33.10961 ETH","1","0","0","0","0","0","0","0 ETH"
"17 Mar 2021","+0.00724 ETH","33.09505 ETH","33.10226 ETH","2","0","0","0","0","0","0","0 ETH"
"16 Mar 2021","+0.00733 ETH","33.08772 ETH","33.09501 ETH","1","0","0","0","0","0","0","0 ETH"
"15 Mar 2021","+0.00738 ETH","33.08033 ETH","33.08768 ETH","0","0","0","0","0","0","0","0 ETH"
"14 Mar 2021","+0.00741 ETH","33.07292 ETH","33.0803 ETH","0","0","0","0","0","0","0","0 ETH"
"13 Mar 2021","+0.00744 ETH","33.06547 ETH","33.07288 ETH","0","0","0","0","0","0","0","0 ETH"
"12 Mar 2021","+0.00740 ETH","33.05806 ETH","33.06543 ETH","0","0","0","0","0","0","0","0 ETH"
"11 Mar 2021","+0.00742 ETH","33.05064 ETH","33.05803 ETH","0","0","0","0","0","0","0","0 ETH"
"10 Mar 2021","+0.00736 ETH","33.04327 ETH","33.0506 ETH","0","0","0","0","0","0","0","0 ETH"
"09 Mar 2021","+0.00476 ETH","33.03851 ETH","33.04324 ETH","45","0","0","0","0","0","0","0 ETH"
"08 Mar 2021","+0.00747 ETH","33.03104 ETH","33.03848 ETH","0","0","0","0","0","0","0","0 ETH"
"07 Mar 2021","+0.00744 ETH","33.0236 ETH","33.03101 ETH","0","0","0","0","0","0","0","0 ETH"
"06 Mar 2021","+0.00755 ETH","33.01604 ETH","33.02356 ETH","0","0","0","0","0","0","0","0 ETH"
"05 Mar 2021","+0.00760 ETH","33.00844 ETH","33.01601 ETH","0","0","0","0","0","0","0","0 ETH"
"04 Mar 2021","+0.00740 ETH","33.00103 ETH","33.0084 ETH","1","0","0","0","0","0","0","0 ETH"
"03 Mar 2021","+0.00753 ETH","32.9935 ETH","33.001 ETH","0","0","0","0","0","0","0","0 ETH"
"02 Mar 2021","+0.00762 ETH","32.98587 ETH","32.99346 ETH","0","0","0","0","0","0","0","0 ETH"
"01 Mar 2021","+0.00758 ETH","32.97828 ETH","32.98583 ETH","0","0","0","0","0","0","0","0 ETH"
"28 Feb 2021","+0.00773 ETH","32.97054 ETH","32.97824 ETH","0","0","0","0","0","0","0","0 ETH"
"27 Feb 2021","+0.00768 ETH","32.96285 ETH","32.97051 ETH","0","0","0","0","0","0","0","0 ETH"
"26 Feb 2021","+0.00767 ETH","32.95518 ETH","32.96282 ETH","2","0","0","0","0","0","0","0 ETH"
"25 Feb 2021","+0.00776 ETH","32.94741 ETH","32.95515 ETH","0","0","0","0","0","0","0","0 ETH"
"24 Feb 2021","+0.00785 ETH","32.93956 ETH","32.94738 ETH","0","0","0","0","0","0","0","0 ETH"
"23 Feb 2021","+0.00788 ETH","32.93167 ETH","32.93953 ETH","0","0","0","0","0","0","0","0 ETH"
"22 Feb 2021","+0.01136 ETH","32.9203 ETH","32.93164 ETH","0","1","0","0","0","0","0","0 ETH"
"21 Feb 2021","+0.00792 ETH","32.91238 ETH","32.92027 ETH","0","0","0","0","0","0","0","0 ETH"
"20 Feb 2021","+0.00795 ETH","32.90442 ETH","32.91234 ETH","0","0","0","0","0","0","0","0 ETH"
"19 Feb 2021","+0.00797 ETH","32.89644 ETH","32.90438 ETH","1","0","0","0","0","0","0","0 ETH"
"18 Feb 2021","+0.00798 ETH","32.88846 ETH","32.89641 ETH","0","0","0","0","0","0","0","0 ETH"
"17 Feb 2021","+0.00798 ETH","32.88047 ETH","32.88842 ETH","0","0","0","0","0","0","0","0 ETH"
"16 Feb 2021","+0.00807 ETH","32.8724 ETH","32.88043 ETH","0","0","0","0","0","0","0","0 ETH"
"15 Feb 2021","+0.00800 ETH","32.86439 ETH","32.87236 ETH","0","0","0","0","0","0","0","0 ETH"
"14 Feb 2021","+0.00807 ETH","32.85632 ETH","32.86436 ETH","1","0","0","0","0","0","0","0 ETH"
"13 Feb 2021","+0.00824 ETH","32.84807 ETH","32.85628 ETH","0","0","0","0","0","0","0","0 ETH"
"12 Feb 2021","+0.00835 ETH","32.83972 ETH","32.84804 ETH","0","0","0","0","0","0","0","0 ETH"
"11 Feb 2021","+0.00824 ETH","32.83148 ETH","32.83968 ETH","1","0","0","0","0","0","0","0 ETH"
"10 Feb 2021","+0.00831 ETH","32.82316 ETH","32.83144 ETH","0","0","0","0","0","0","0","0 ETH"
"09 Feb 2021","+0.00824 ETH","32.81491 ETH","32.82312 ETH","0","0","0","0","0","0","0","0 ETH"
"08 Feb 2021","+0.00839 ETH","32.80652 ETH","32.81488 ETH","0","0","0","0","0","0","0","0 ETH"
"07 Feb 2021","+0.01459 ETH","32.79193 ETH","32.80648 ETH","0","2","0","0","0","0","0","0 ETH"
"06 Feb 2021","+0.00839 ETH","32.78353 ETH","32.79189 ETH","1","0","0","0","0","0","0","0 ETH"
"05 Feb 2021","+0.00844 ETH","32.77509 ETH","32.7835 ETH","0","0","0","0","0","0","0","0 ETH"
"04 Feb 2021","+0.00824 ETH","32.76684 ETH","32.77505 ETH","2","0","0","0","0","0","0","0 ETH"
"03 Feb 2021","+0.01492 ETH","32.75192 ETH","32.76681 ETH","1","2","0","0","0","0","0","0 ETH"
"02 Feb 2021","+0.00853 ETH","32.74339 ETH","32.75189 ETH","0","0","0","0","0","0","0","0 ETH"
"01 Feb 2021","+0.00878 ETH","32.7346 ETH","32.74335 ETH","0","0","0","0","0","0","0","0 ETH"
"31 Jan 2021","+0.00879 ETH","32.7258 ETH","32.73456 ETH","0","0","0","0","0","0","0","0 ETH"
"30 Jan 2021","+0.00889 ETH","32.71691 ETH","32.72576 ETH","0","0","0","0","0","0","0","0 ETH"
"29 Jan 2021","+0.00887 ETH","32.70803 ETH","32.71687 ETH","0","0","0","0","0","0","0","0 ETH"
"28 Jan 2021","+0.00886 ETH","32.69917 ETH","32.70799 ETH","0","0","0","0","0","0","0","0 ETH"
"27 Jan 2021","+0.00872 ETH","32.69044 ETH","32.69913 ETH","4","0","0","0","0","0","0","0 ETH"
"26 Jan 2021","+0.00901 ETH","32.68143 ETH","32.6904 ETH","0","0","0","0","0","0","0","0 ETH"
"25 Jan 2021","+0.00912 ETH","32.67231 ETH","32.68139 ETH","1","0","0","0","0","0","0","0 ETH"
"24 Jan 2021","+0.00927 ETH","32.66303 ETH","32.67227 ETH","0","0","0","0","0","0","0","0 ETH"
"23 Jan 2021","+0.00935 ETH","32.65368 ETH","32.66299 ETH","0","0","0","0","0","0","0","0 ETH"
"22 Jan 2021","+0.00934 ETH","32.64433 ETH","32.65364 ETH","0","0","0","0","0","0","0","0 ETH"
"21 Jan 2021","+0.00933 ETH","32.635 ETH","32.64429 ETH","0","0","0","0","0","0","0","0 ETH"
"20 Jan 2021","+0.00938 ETH","32.62561 ETH","32.63496 ETH","0","0","0","0","0","0","0","0 ETH"
"19 Jan 2021","+0.00955 ETH","32.61605 ETH","32.62557 ETH","0","0","0","0","0","0","0","0 ETH"
"18 Jan 2021","+0.01223 ETH","32.60381 ETH","32.61601 ETH","3","1","0","0","0","0","0","0 ETH"
"17 Jan 2021","+0.00975 ETH","32.59406 ETH","32.60377 ETH","0","0","0","0","0","0","0","0 ETH"
"16 Jan 2021","+0.00981 ETH","32.58424 ETH","32.59402 ETH","0","0","0","0","0","0","0","0 ETH"
"15 Jan 2021","+0.00984 ETH","32.5744 ETH","32.5842 ETH","0","0","0","0","0","0","0","0 ETH"
"14 Jan 2021","+0.00965 ETH","32.56475 ETH","32.57436 ETH","0","0","0","0","0","0","0","0 ETH"
"13 Jan 2021","+0.00978 ETH","32.55496 ETH","32.5647 ETH","2","0","0","0","0","0","0","0 ETH"
"12 Jan 2021","+0.00998 ETH","32.54498 ETH","32.55492 ETH","0","0","0","0","0","0","0","0 ETH"
"11 Jan 2021","+0.01012 ETH","32.53485 ETH","32.54493 ETH","0","0","0","0","0","0","0","0 ETH"
"10 Jan 2021","+0.01026 ETH","32.52458 ETH","32.5348 ETH","0","0","0","0","0","0","0","0 ETH"
"09 Jan 2021","+0.01033 ETH","32.51425 ETH","32.52454 ETH","0","0","0","0","0","0","0","0 ETH"
"08 Jan 2021","+0.01026 ETH","32.50398 ETH","32.5142 ETH","0","0","0","0","0","0","0","0 ETH"
"07 Jan 2021","+0.01047 ETH","32.4935 ETH","32.50394 ETH","0","0","0","0","0","0","0","0 ETH"
"06 Jan 2021","+0.01048 ETH","32.48302 ETH","32.49346 ETH","0","0","0","0","0","0","0","0 ETH"
"05 Jan 2021","+0.01047 ETH","32.47255 ETH","32.48297 ETH","2","0","0","0","0","0","0","0 ETH"
"04 Jan 2021","+0.01073 ETH","32.46181 ETH","32.4725 ETH","0","0","0","0","0","0","0","0 ETH"
"03 Jan 2021","+0.01083 ETH","32.45098 ETH","32.46176 ETH","0","0","0","0","0","0","0","0 ETH"
"02 Jan 2021","+0.01095 ETH","32.44002 ETH","32.45093 ETH","0","0","0","0","0","0","0","0 ETH"
"01 Jan 2021","+0.01101 ETH","32.42901 ETH","32.43997 ETH","0","0","0","0","0","0","0","0 ETH"
"31 Dec 2020","+0.01344 ETH","32.41556 ETH","32.42896 ETH","0","1","0","0","0","0","0","0 ETH"
"30 Dec 2020","+0.01125 ETH","32.40431 ETH","32.41551 ETH","0","0","0","0","0","0","0","0 ETH"
"29 Dec 2020","+0.01139 ETH","32.39291 ETH","32.40425 ETH","0","0","0","0","0","0","0","0 ETH"
"28 Dec 2020","+0.01598 ETH","32.37693 ETH","32.39286 ETH","2","2","0","0","0","0","0","0 ETH"
"27 Dec 2020","+0.01150 ETH","32.36542 ETH","32.37688 ETH","0","0","0","0","0","0","0","0 ETH"
"26 Dec 2020","+0.01158 ETH","32.35383 ETH","32.36537 ETH","0","0","0","0","0","0","0","0 ETH"
"25 Dec 2020","+0.01187 ETH","32.34196 ETH","32.35378 ETH","0","0","0","0","0","0","0","0 ETH"
"24 Dec 2020","+0.01199 ETH","32.32996 ETH","32.3419 ETH","0","0","0","0","0","0","0","0 ETH"
"23 Dec 2020","+0.01198 ETH","32.31798 ETH","32.32996 ETH","0","0","0","0","0","0","0","0 ETH"
"22 Dec 2020","+0.01218 ETH","32.3058 ETH","32.31792 ETH","0","0","0","0","0","0","0","0 ETH"
"21 Dec 2020","+0.01236 ETH","32.29343 ETH","32.30574 ETH","0","0","0","0","0","0","0","0 ETH"
"20 Dec 2020","+0.01456 ETH","32.27887 ETH","32.29338 ETH","0","1","0","0","0","0","0","0 ETH"
"19 Dec 2020","+0.01480 ETH","32.26407 ETH","32.27881 ETH","0","1","0","0","0","0","0","0 ETH"
"18 Dec 2020","+0.01289 ETH","32.25117 ETH","32.26401 ETH","0","0","0","0","0","0","0","0 ETH"
"17 Dec 2020","+0.01287 ETH","32.2383 ETH","32.25111 ETH","1","0","0","0","0","0","0","0 ETH"
"16 Dec 2020","+0.01318 ETH","32.22511 ETH","32.23824 ETH","0","0","0","0","0","0","0","0 ETH"
"15 Dec 2020","+0.01330 ETH","32.21181 ETH","32.22505 ETH","0","0","0","0","0","0","0","0 ETH"
"14 Dec 2020","+0.01351 ETH","32.19829 ETH","32.21175 ETH","0","0","0","0","0","0","0","0 ETH"
"13 Dec 2020","+0.01361 ETH","32.18467 ETH","32.19823 ETH","0","0","0","0","0","0","0","0 ETH"
"12 Dec 2020","+0.01388 ETH","32.17079 ETH","32.18461 ETH","0","0","0","0","0","0","0","0 ETH"
"11 Dec 2020","+0.01407 ETH","32.15671 ETH","32.17072 ETH","0","0","0","0","0","0","0","0 ETH"
"10 Dec 2020","+0.01611 ETH","32.1406 ETH","32.15665 ETH","0","1","0","0","0","0","0","0 ETH"
"09 Dec 2020","+0.01627 ETH","32.12432 ETH","32.14053 ETH","1","1","0","0","0","0","0","0 ETH"
"08 Dec 2020","+0.01466 ETH","32.10965 ETH","32.12425 ETH","0","0","0","0","0","0","0","0 ETH"
"07 Dec 2020","+0.01400 ETH","32.09565 ETH","32.10959 ETH","7","0","0","0","0","0","0","0 ETH"
"06 Dec 2020","+0.01521 ETH","32.08043 ETH","32.09558 ETH","0","0","0","0","0","0","0","0 ETH"
"05 Dec 2020","+0.01516 ETH","32.06526 ETH","32.08036 ETH","3","0","0","0","0","0","0","0 ETH"
"04 Dec 2020","+0.01584 ETH","32.04941 ETH","32.06519 ETH","0","0","0","0","0","0","0","0 ETH"
"03 Dec 2020","+0.01581 ETH","32.03359 ETH","32.04934 ETH","1","0","0","0","0","0","0","0 ETH"
"02 Dec 2020","+0.01612 ETH","32.01747 ETH","32.03352 ETH","0","0","0","0","0","0","0","0 ETH"
"01 Dec 2020","+0.01747 ETH","32 ETH","32.0174 ETH","0","1","0","0","0","0","0","0 ETH"
"30 Nov 2020","0 ETH","0 ETH","0 ETH","0","0","0","0","0","0","1","+32 ETH"